advertiser_name	advertiser_disclosure	platform_advertiser_id	platform_name	week_code_filter	week_label_filter	country_code_filter	country_name_filter	ad_count	advertiser_count	high_impressions	low_impressions	high_spend	low_spend
Britain's Future	Britain's Future	1625300137516491	Facebook	w004	Week 4	UK	United Kingdom	433	1	6533454	2053977	90540	16780
Liberal Democrats	the Liberal Democrats	5883973269	Facebook	w004	Week 4	UK	United Kingdom	30	1	3700413	1700738	44063	11826
We are the 52%	We are the 52%	466744973727718	Facebook	w004	Week 4	UK	United Kingdom	35	1	2624602	1034167	6843	1084
People's Vote UK	People's Vote	748608695327755	Facebook	w004	Week 4	UK	United Kingdom	343	1	1096650	278783	37156	3608
NT Live	NT Live	107334993856	Facebook	w004	Week 4	UK	United Kingdom	115	1	1068556	395758	9150	896
Best For Britain	Best for Britain	1863944713844924	Facebook	w004	Week 4	UK	United Kingdom	35	1	837021	361741	5392	1932
Conservatives	The Conservative Party	8807334278	Facebook	w004	Week 4	UK	United Kingdom	139	1	657103	269767	5225	697
38 Degrees	38 Degrees	200006375787	Facebook	w004	Week 4	UK	United Kingdom	26	1	617619	246454	4042	471
The Week UK	The Week	177855115588808	Facebook	w004	Week 4	UK	United Kingdom	18	1	577981	206999	4376	578
London Labour Party	The London Labour Party 	474613052643462	Facebook	w004	Week 4	UK	United Kingdom	14	1	469833	194988	2156	425
The Labour Party	The Labour Party	25749647410	Facebook	w004	Week 4	UK	United Kingdom	15	1	231985	48000	2644	231
Simple Politics		1052029294841900	Facebook	w004	Week 4	UK	United Kingdom	2	1	229543	91817	530	265
Ben Houchen - Tees Valley Mayor	Ben Houchen	1934566156780439	Facebook	w004	Week 4	UK	United Kingdom	8	1	222243	77200	1688	249
Plaid Cymru	Plaid Cymru	26416930992	Facebook	w004	Week 4	UK	United Kingdom	3	1	167590	69223	412	155
Another Europe Is Possible	Another Europe is Possible	1652149835054791	Facebook	w004	Week 4	UK	United Kingdom	4	1	154996	32499	863	115
Our Future, Our Choice	Our Future, Our Choice	1777176712575796	Facebook	w004	Week 4	UK	United Kingdom	18	1	141981	36999	2524	115
InFacts	InFacts	678120165658753	Facebook	w004	Week 4	UK	United Kingdom	6	1	139993	39999	687	0
Ipswich Labour	The Labour Party. Promoted by John Cook on behalf of Ipswich Labour Party	342002108699	Facebook	w004	Week 4	UK	United Kingdom	5	1	138762	28006	1144	202
Oxfam Great Britain	Oxfam GB	7214031395	Facebook	w004	Week 4	UK	United Kingdom	5	1	117249	48611	1303	247
Liam Byrne	Liam Byrne MP	147894618876725	Facebook	w004	Week 4	UK	United Kingdom	5	1	108322	24165	324	0
Bournemouth Green Party	South East Dorset Green Party	140064492697345	Facebook	w004	Week 4	UK	United Kingdom	4	1	105995	20999	921	115
Scientists for EU	Scientists for EU	642444842524195	Facebook	w004	Week 4	UK	United Kingdom	2	1	102031	37479	1025	197
Nick4Mayor	Nick Forbes for North of Tyne Mayor Campaign	1223209701167500	Facebook	w004	Week 4	UK	United Kingdom	2	1	99997	20000	229	0
Sheffield City Region Mayor	Sheffield City Region Mayoral Combined Authority	2064459193832465	Facebook	w004	Week 4	UK	United Kingdom	6	1	98899	19780	521	73
Friends of the Earth	Friends of the Earth	110861655604080	Facebook	w004	Week 4	UK	United Kingdom	30	1	92659	21304	1549	51
Greenpeace UK	Greenpeace UK 	9250349228	Facebook	w004	Week 4	UK	United Kingdom	37	1	92591	37415	509	40
Holborn Studios	Holborn Studios Ltd	150159499911	Facebook	w004	Week 4	UK	United Kingdom	2	1	87498	17500	1010	202
Care4Calais	Care4Calais	1046117708754519	Facebook	w004	Week 4	UK	United Kingdom	3	1	86711	17142	310	0
EU Watch	EU Watch	136146920436020	Facebook	w004	Week 4	UK	United Kingdom	1	1	79999	40000	230	46
Reasons2Remain	Reasons2Remain	123798281312883	Facebook	w004	Week 4	UK	United Kingdom	2	1	74998	14999	171	0
Sink Pong		256179217727449	Facebook	w004	Week 4	UK	United Kingdom	22	1	71488	14887	821	0
Farnley and Wortley Labour	Matt Gibson	114161232550405	Facebook	w004	Week 4	UK	United Kingdom	4	1	70376	15575	554	86
National Theatre		9212864972	Facebook	w004	Week 4	UK	United Kingdom	5	1	62095	20425	389	130
Scotland in Union	Scotland in Union	450493248432578	Facebook	w004	Week 4	UK	United Kingdom	2	1	59998	15000	229	0
Women for a People's Vote	Women for a People's Vote	235989320458995	Facebook	w004	Week 4	UK	United Kingdom	5	1	59997	13500	749	115
Studyintheuk		170953716896026	Facebook	w004	Week 4	UK	United Kingdom	18	1	59495	13499	938	133
Alex Salmond	Slainte Media	136191876445102	Facebook	w004	Week 4	UK	United Kingdom	1	1	59346	29673	171	34
Deep Blue Straws	Deep Blue Straws 	267647110556508	Facebook	w004	Week 4	UK	United Kingdom	2	1	54997	10999	229	0
Labour North West	the Labour Party	61950489543	Facebook	w004	Week 4	UK	United Kingdom	4	1	53498	11312	189	0
KATHARINE HAMNETT		322018314523210	Facebook	w004	Week 4	UK	United Kingdom	1	1	51851	25925	299	150
Withington Ward Liberal Democrats	Manchester Withington Liberal Democrats	223624624659868	Facebook	w004	Week 4	UK	United Kingdom	4	1	51818	10137	260	0
Matthew Scott, Kent Police and Crime Commissioner	Matthew Scott, Police and Crime Commissioner for Kent	1523781847943670	Facebook	w004	Week 4	UK	United Kingdom	3	1	51775	10000	781	115
Beth Miller	CorbyEN Labour Party	816779408496482	Facebook	w004	Week 4	UK	United Kingdom	2	1	51665	10333	152	0
Animal Equality UK		2047806148766050	Facebook	w004	Week 4	UK	United Kingdom	3	1	51501	25751	458	229
Greg Stanton	Manchester Withington Liberal Democrats	275496989514175	Facebook	w004	Week 4	UK	United Kingdom	3	1	51081	12416	589	101
Cheltenham Liberal Democrats	Cheltenham Liberal Democrats	176267409201041	Facebook	w004	Week 4	UK	United Kingdom	1	1	49999	10000	114	0
Cllrs Karen Walker and Sarah Bevan	Karen Walker and Sarah Bevan	1358067560978443	Facebook	w004	Week 4	UK	United Kingdom	1	1	49999	10000	114	0
Now Brexit	donors to NowBrexit	292444058229546	Facebook	w004	Week 4	UK	United Kingdom	1	1	49999	10000	114	0
Rory Palmer MEP	Rory Palmer MEP (Labour Member of the European Parliament for the East Midlands, UK) 	1832404216799553	Facebook	w004	Week 4	UK	United Kingdom	1	1	49999	10000	114	0
LGBT+ for a People's Vote		287716388719375	Facebook	w004	Week 4	UK	United Kingdom	1	1	49999	10000	114	0
Tim Farron	Westmorland and Lonsdale Liberal Democrats	118873691462974	Facebook	w004	Week 4	UK	United Kingdom	2	1	46427	9285	106	0
Neil McEvoy	Neil McEvoy	1538311623148335	Facebook	w004	Week 4	UK	United Kingdom	6	1	45125	12289	203	0
The News Dump	The News Dump	210909392847421	Facebook	w004	Week 4	UK	United Kingdom	43	1	42957	0	4926	0
Green Party of England and Wales	The Green Party of England and Wales	20995300784	Facebook	w004	Week 4	UK	United Kingdom	5	1	42219	15111	300	0
Stephen Kerr MP for Stirling	Stirling Conservative & Unionist Association	850551875009799	Facebook	w004	Week 4	UK	United Kingdom	1	1	41665	8333	95	0
Weaver Vale Conservatives	Weaver Vale Conservative Association	205246756598265	Facebook	w004	Week 4	UK	United Kingdom	1	1	37499	7499	85	0
Advertising Week Europe		957474261104635	Facebook	w004	Week 4	UK	United Kingdom	2	1	36151	14372	325	63
Tower Hamlets Council	Tower Hamlets Council	848352765192315	Facebook	w004	Week 4	UK	United Kingdom	5	1	35382	13076	264	0
Ringtone Store		301205363738619	Facebook	w004	Week 4	UK	United Kingdom	4	1	34995	15999	395	0
The Week Junior		799576543492660	Facebook	w004	Week 4	UK	United Kingdom	14	1	33875	14967	191	25
Labour Leave	Labour Leave	1291676554181443	Facebook	w004	Week 4	UK	United Kingdom	1	1	31249	6250	71	0
Wes Streeting MP	The Labour Party.  Promoted by Matthew Goddin on behalf of Wes Streeting MP	177717252277852	Facebook	w004	Week 4	UK	United Kingdom	1	1	31249	6250	71	0
Chris Green	Chris Green MP	249684318543741	Facebook	w004	Week 4	UK	United Kingdom	1	1	29999	6000	346	69
Office of the Police and Crime Commissioner for Gloucestershire	Gloucestershire's Office of the Police and Crime Commissioner	748480935192911	Facebook	w004	Week 4	UK	United Kingdom	1	1	29999	6000	346	69
Councillor Simon Hogg	Simon Hogg	687320661662269	Facebook	w004	Week 4	UK	United Kingdom	1	1	29166	5833	66	0
David Rutley MP	The Conservative Party	1944644765749384	Facebook	w004	Week 4	UK	United Kingdom	1	1	28570	5714	329	66
Cllr. Gareth Eales - For Northampton South	Northampton South Labour Party	625007417657121	Facebook	w004	Week 4	UK	United Kingdom	3	1	27881	7376	128	0
Collective Encounters	Collective Encounters	1575664069358718	Facebook	w004	Week 4	UK	United Kingdom	2	1	27665	6333	87	0
Scottish Family Party	Scottish Family Party	1313354295370593	Facebook	w004	Week 4	UK	United Kingdom	4	1	26552	6310	232	27
Mike Hookem MEP	Mike Hookem MEP	628368003989904	Facebook	w004	Week 4	UK	United Kingdom	2	1	25226	5795	80	0
International Fund for Animal Welfare - IFAW	International Fund for Animal Welfare (IFAW)	353224381469808	Facebook	w004	Week 4	UK	United Kingdom	1	1	24999	5000	288	57
Fight for Wildlife	Fight for Wildlife	892549610951043	Facebook	w004	Week 4	UK	United Kingdom	1	1	24999	5000	57	0
Lambeth Liberal Democrats	Lambeth Liberal Democrats	670304546481949	Facebook	w004	Week 4	UK	United Kingdom	2	1	24999	5000	57	0
Protect Our Winters UK	Protect Our Winters UK	1163506110445846	Facebook	w004	Week 4	UK	United Kingdom	21	1	24979	1000	2405	0
Peterborough Labour Party	The Labour Party	927033024024138	Facebook	w004	Week 4	UK	United Kingdom	1	1	23332	4666	539	270
Bolton Clowncil	Admins of Bolton Clowncil who have no political membership to any party	1520858828219756	Facebook	w004	Week 4	UK	United Kingdom	2	1	23332	7291	133	0
Hull Liberal Democrats	Hull and Hessle Lib Dems	66719316177	Facebook	w004	Week 4	UK	United Kingdom	2	1	23332	4666	115	15
Peverell Labour Cllr Jeremy Goslin	Jeremy Goslin	940454292763854	Facebook	w004	Week 4	UK	United Kingdom	1	1	23332	4666	53	0
Caspar the Hat	Emily Doherty	261773154498428	Facebook	w004	Week 4	UK	United Kingdom	5	1	23331	4399	244	0
Veganuary		170911309781648	Facebook	w004	Week 4	UK	United Kingdom	2	1	22580	4516	51	0
Rishi Sunak	Rishi Sunak MP	1540198936249794	Facebook	w004	Week 4	UK	United Kingdom	2	1	21784	6607	118	0
Wera Hobhouse MP	Wera Hobhouse MP	420598411423796	Facebook	w004	Week 4	UK	United Kingdom	2	1	20624	4125	259	43
CARE International UK		18933154958	Facebook	w004	Week 4	UK	United Kingdom	3	1	19999	3999	114	0
Peterborough Liberal Democrats	Peterborough Liberal Democrats	152725214743982	Facebook	w004	Week 4	UK	United Kingdom	4	1	19996	4000	458	0
Sutton Conservatives	Sutton Conservatives	1796668280595377	Facebook	w004	Week 4	UK	United Kingdom	1	1	19444	3888	224	45
Survation	Survation Ltd	132208120135699	Facebook	w004	Week 4	UK	United Kingdom	3	1	18308	4443	100	0
Brexit Votes Matter	Brexit Defence Force	2419328181441973	Facebook	w004	Week 4	UK	United Kingdom	5	1	17996	3500	458	0
The County Club Guildford	The County Club, Guildford	945265042161086	Facebook	w004	Week 4	UK	United Kingdom	1	1	17499	3500	40	0
Your Liberal Britain	Your Liberal Britain	1501847943457407	Facebook	w004	Week 4	UK	United Kingdom	5	1	16644	3329	381	0
The Kendal Voice	The Kendal Voice - Community news and interest group	274175419944168	Facebook	w004	Week 4	UK	United Kingdom	1	1	16609	3322	38	0
Peter Taylor - Mayor of Watford	Elected Mayor of Watford 	1840967549564053	Facebook	w004	Week 4	UK	United Kingdom	3	1	15997	6000	343	0
Derbyshire Police and Crime Commissioner	Office of the Police and Crime Commissioner for Derbyshire	119937274824522	Facebook	w004	Week 4	UK	United Kingdom	8	1	15992	2000	916	0
Cllr Darius G Laws	Darius G Laws and the Colchester Conservatives 	1398773803735336	Facebook	w004	Week 4	UK	United Kingdom	8	1	15536	2993	408	0
Vauxhall for a People's Vote	Vauxhall for a People's Vote	1250023018486398	Facebook	w004	Week 4	UK	United Kingdom	5	1	15303	5034	328	0
Burpham Matters	Christian Holliday, Burpham	1187855788048895	Facebook	w004	Week 4	UK	United Kingdom	2	1	15112	7556	173	0
Matt Vickers	Matt Vickers	1536907409957635	Facebook	w004	Week 4	UK	United Kingdom	3	1	14997	3000	343	0
Aaron Wynne - Aberconwy	Aaron Wynne	1604790526203933	Facebook	w004	Week 4	UK	United Kingdom	3	1	14996	3000	343	0
Shahrar Ali Green Party	Shahrar Ali	292742850897220	Facebook	w004	Week 4	UK	United Kingdom	4	1	14496	2749	400	0
Yeovil Conservatives	The Yeovil Constituency Conservative Association of 17 The Park, Yeovil, Somerset, BA20 1DN.	1597713690525854	Facebook	w004	Week 4	UK	United Kingdom	1	1	14285	2857	32	0
Tom Hunt	The Conservative Party	477429412753494	Facebook	w004	Week 4	UK	United Kingdom	4	1	13498	6000	183	0
Mayor Dave Hodgson	Bedford Liberal Democrats	131742133535191	Facebook	w004	Week 4	UK	United Kingdom	2	1	13331	5666	190	0
Tom Watson	The Labour Party. Promoted by Tom Watson on behalf of Tom Watson	470873686267967	Facebook	w004	Week 4	UK	United Kingdom	3	1	12997	5499	229	0
Lesley Laird MP for Kirkcaldy and Cowdenbeath	Ms Lesley Laird	355277694874691	Facebook	w004	Week 4	UK	United Kingdom	5	1	12995	2000	572	0
Craig Whittaker MP	Independent Parliamentary Standards Authority	992952320734045	Facebook	w004	Week 4	UK	United Kingdom	5	1	12867	3528	258	0
Mohammed Abdullah for Hareholme	Mohammed Abdullah	1577537702268946	Facebook	w004	Week 4	UK	United Kingdom	4	1	12745	2413	105	0
City of Chester Conservatives	City of Chester Conservatives	1330632286968061	Facebook	w004	Week 4	UK	United Kingdom	3	1	12706	3541	252	0
Tom Copley	Tom Copley	163829000415755	Facebook	w004	Week 4	UK	United Kingdom	5	1	12670	2134	473	0
TRT World		1559901027613381	Facebook	w004	Week 4	UK	United Kingdom	1	1	12503	2500	18	3
Hackney Lib Dems	Hackney Liberal Democrats	138435322972255	Facebook	w004	Week 4	UK	United Kingdom	2	1	12082	3541	139	19
Ladywood Online	Ladywood Liberal Democrats	153260935350160	Facebook	w004	Week 4	UK	United Kingdom	4	1	11961	3792	220	0
Maidenhead Riverside Conservatives	Promoted by Philip Dumville on behalf of Maidenhead Conservative Association both of 3 Castle End Road, Ruscombe, Berkshire, RG10 9QX. Boosted posts paid for by Maidenhead Riverside Branch of Maidenhead Conservative Association. 	485779688567061	Facebook	w004	Week 4	UK	United Kingdom	3	1	11873	5000	171	0
Bristol Lib Dems	Liberal Democrats	352577618148829	Facebook	w004	Week 4	UK	United Kingdom	5	1	11853	2142	376	0
Conor Burns	Conor Burns MP	755981037856291	Facebook	w004	Week 4	UK	United Kingdom	2	1	11498	5750	131	0
Shaun, John, Tom for Llanishen and Thornhill	Llanishen & Thornhill Conservatives	573038239570056	Facebook	w004	Week 4	UK	United Kingdom	1	1	11290	2258	25	0
Durham Labour Left	Durham Labour Left	243574269369585	Facebook	w004	Week 4	UK	United Kingdom	2	1	10998	5000	229	0
Gosport Conservatives	Gosport Conservative Association	252502171807508	Facebook	w004	Week 4	UK	United Kingdom	3	1	10997	2000	343	0
Take a break from Brexit	TAKE A BREAK FROM BREXIT LTD	297068421070672	Facebook	w004	Week 4	UK	United Kingdom	2	1	10997	3999	183	0
RBC Wealth Management		901776976544599	Facebook	w004	Week 4	UK	United Kingdom	1	1	10937	2187	72	14
UNISON West Midlands	UNISON West Midlands	407910832697499	Facebook	w004	Week 4	UK	United Kingdom	4	1	10906	2181	249	0
Séamas De Faoite	Séamas de Faoite	669323733273130	Facebook	w004	Week 4	UK	United Kingdom	3	1	10497	2100	240	0
Cllr Leslie Gamester Thurrock Independents	Les Gamester	1782881668658092	Facebook	w004	Week 4	UK	United Kingdom	5	1	10452	2090	239	0
Cheshire West Labour	Cheshire West Labour	321249061618806	Facebook	w004	Week 4	UK	United Kingdom	3	1	10112	4681	130	0
Sarah Jones MP - Standing Up for Croydon	Sarah Jones MP	130987447098320	Facebook	w004	Week 4	UK	United Kingdom	1	1	9999	5000	114	0
Johnny For Plymouth	Johnny Mercer 	938126169534790	Facebook	w004	Week 4	UK	United Kingdom	1	1	9999	5000	114	0
Progress	Progress Ltd	160136337364839	Facebook	w004	Week 4	UK	United Kingdom	1	1	9999	4999	114	0
Grand River Suite		1143115625846445	Facebook	w004	Week 4	UK	United Kingdom	1	1	9999	2000	22	0
Cllr Iain McIntosh	Iain McIntosh of Brecon & Radnor Conservatives, 4a Lion Yard, Brecon LD3 7BA.	147136549144894	Facebook	w004	Week 4	UK	United Kingdom	1	1	9999	5000	114	0
Simon Clarke MP	Simon Clarke	228249960960213	Facebook	w004	Week 4	UK	United Kingdom	3	1	9998	2750	200	0
Welsh Labour	Welsh Labour	159670677391384	Facebook	w004	Week 4	UK	United Kingdom	1	1	9998	5000	114	0
Cllr Graham Hinchey - Heath & Birchgrove Community News	Cllr Graham Hinchey - Heath & Birchgrove Community News	1834464963478547	Facebook	w004	Week 4	UK	United Kingdom	3	1	9998	2000	229	0
Anna Turley MP for Redcar	Redcar Constituency Labour Party	108283675982010	Facebook	w004	Week 4	UK	United Kingdom	1	1	9998	4999	114	0
Mark Jenkinson	Mark Jenkinson	711227022228907	Facebook	w004	Week 4	UK	United Kingdom	2	1	9998	2000	229	0
Matt McCarthy for Councillor in Kempston West	Matt McCarthy	484731681884844	Facebook	w004	Week 4	UK	United Kingdom	3	1	9998	1999	229	0
Councillor Kyle Robinson	Kyle Robinson	1195837740465567	Facebook	w004	Week 4	UK	United Kingdom	2	1	9998	2000	229	0
Britain United		354538178419560	Facebook	w004	Week 4	UK	United Kingdom	1	1	9721	1944	48	24
Ealing European Movement	the Ealing European Movement	1518365624947158	Facebook	w004	Week 4	UK	United Kingdom	4	1	9666	1666	344	0
Blyth Conservatives	Northumberland Conservatives	168777440368796	Facebook	w004	Week 4	UK	United Kingdom	2	1	9544	3818	145	0
Tom Brake	Sutton Liberal Democrats	166841220058437	Facebook	w004	Week 4	UK	United Kingdom	4	1	9520	2654	189	0
Gianni Carofano for Mayor of Bedford	Gianni Carofano	130630670997572	Facebook	w004	Week 4	UK	United Kingdom	2	1	9164	1833	210	0
Michael Headley	Bedford Liberal Democrats	1072187682914526	Facebook	w004	Week 4	UK	United Kingdom	2	1	8998	1800	206	0
Southport Conservative Association	Southport Conservative Association 	1696790153960551	Facebook	w004	Week 4	UK	United Kingdom	3	1	8779	1636	256	0
Simon Phipps for Belle Vale	Halesowen & Rowley Regis Conservative Association	857970040922089	Facebook	w004	Week 4	UK	United Kingdom	1	1	8749	4375	100	0
Councillor Tom Smith	Councillor Tom Smith	1999312353678979	Facebook	w004	Week 4	UK	United Kingdom	5	1	8540	1000	520	0
Councillor Jordan Greer	Cllr Jordan Greer	1820644257975217	Facebook	w004	Week 4	UK	United Kingdom	3	1	8497	1500	286	0
Andy Canning	Andy Canning	317345855362892	Facebook	w004	Week 4	UK	United Kingdom	2	1	8331	1666	190	0
Cllr James Valentine	James Valentine	691747371216207	Facebook	w004	Week 4	UK	United Kingdom	2	1	8331	1666	190	0
Westminster Labour	The Labour Party	674887076015231	Facebook	w004	Week 4	UK	United Kingdom	2	1	8331	1666	190	0
Siân Berry	Sian Berry, on behalf of Sian Berry's campaign to be re-elected as Green Party candidate for Assembly Member and Mayor of London	5938132369	Facebook	w004	Week 4	UK	United Kingdom	4	1	8306	1461	282	0
Moray SNP	Moray SNP	314918278608280	Facebook	w004	Week 4	UK	United Kingdom	1	1	7999	4000	91	0
Owen LLewellyn Jones - Labour Councillor for Adamsdown	Owen LLewellyn Jones - Labour Councillor for Adamsdown	175349466322047	Facebook	w004	Week 4	UK	United Kingdom	3	1	7998	1500	229	0
Eddie Hughes MP	Eddie Hughes & Walsall Conservatives	1544601488897440	Facebook	w004	Week 4	UK	United Kingdom	4	1	7996	1000	458	0
Sheffield Labour Councillors	Sheffield Labour Councillors 	1992016361080933	Facebook	w004	Week 4	UK	United Kingdom	4	1	7995	1000	458	0
Welwyn Hatfield Liberal Democrats	Welwyn Hatfield Liberal Democrats	339429416455575	Facebook	w004	Week 4	UK	United Kingdom	8	1	7992	0	916	0
Andrew Western	The Labour Party	319905135091382	Facebook	w004	Week 4	UK	United Kingdom	2	1	7825	1956	29	0
Erith & Thamesmead Conservatives	Erith & Thamesmead Conservative Association	127818594232493	Facebook	w004	Week 4	UK	United Kingdom	6	1	7814	1316	292	0
Central Ward Labour - Hull	Shane McMurray	146712009374552	Facebook	w004	Week 4	UK	United Kingdom	3	1	7725	1454	218	0
Northenden World	Northenden World Admin	1692130001038191	Facebook	w004	Week 4	UK	United Kingdom	10	1	7194	533	580	0
Western Counties Liberal Democrats		422202531476793	Facebook	w004	Week 4	UK	United Kingdom	2	1	7165	3333	133	0
Aberdeen Campaign for Nuclear Disarmament (CND)	Aberdeen and District Campaign for Nuclear Disarmament	116237695080239	Facebook	w004	Week 4	UK	United Kingdom	1	1	6999	3500	80	0
Portishead Independents	Portishead Independents. Promoted by J Parry on behalf of Portishead Independents both of 4 Cabot Rise, Portishead, BS20 6NX	471899156488110	Facebook	w004	Week 4	UK	United Kingdom	3	1	6997	1199	252	0
Kingston Liberal Democrats	Kingston Liberal Democrats	171957906179234	Facebook	w004	Week 4	UK	United Kingdom	3	1	6996	1000	343	0
Wandsworth Conservatives	Wandsworth and Wimbledon Conservatives	331351247229	Facebook	w004	Week 4	UK	United Kingdom	1	1	6666	3333	76	0
Chorley Conservatives	Chorley Conservative Association	129872880401534	Facebook	w004	Week 4	UK	United Kingdom	2	1	6665	1333	152	0
Lambridge Matters	Bath Labour Party	1932297843657909	Facebook	w004	Week 4	UK	United Kingdom	2	1	6665	1333	152	0
Brexit Merch - Brexecution	Stiofán Folan	1192892800886510	Facebook	w004	Week 4	UK	United Kingdom	1	1	6665	3333	76	0
Tooting Liberal Democrats	Wandsworth Liberal Democrats	2019241558342469	Facebook	w004	Week 4	UK	United Kingdom	2	1	6665	1333	152	0
Stephen Hammond MP	Wandsworth and Wimbledon Conservatives	587561007950931	Facebook	w004	Week 4	UK	United Kingdom	2	1	6498	2050	120	0
Alan Mak MP	Alan Mak MP	1498881147066399	Facebook	w004	Week 4	UK	United Kingdom	1	1	6481	1296	74	15
Westmorland and Lonsdale Conservatives	Westmorland and Lonsdale Conservative Association	157135178325014	Facebook	w004	Week 4	UK	United Kingdom	7	1	6363	1658	337	0
North East English Defence League		2006885969573519	Facebook	w004	Week 4	UK	United Kingdom	1	1	6363	3181	72	0
Leigh South Labour Councillors	Leigh South Labour Councillors	268517453910805	Facebook	w004	Week 4	UK	United Kingdom	2	1	6362	1272	145	0
Olivia Blake	Olivia Blake on behalf of Olivia Blake	359069334832633	Facebook	w004	Week 4	UK	United Kingdom	8	1	6331	1100	221	0
We Believe in Israel	We Believe in Israel	191388894239685	Facebook	w004	Week 4	UK	United Kingdom	1	1	6249	1250	72	14
Workington Conservatives	Workington Conservatives	223494351762145	Facebook	w004	Week 4	UK	United Kingdom	1	1	6249	1250	72	14
Damien Moore MP	The Conservative Party	929818230362144	Facebook	w004	Week 4	UK	United Kingdom	2	1	6248	1250	143	0
Working for Labour in Millbrook	Councillor David Furnell for Millbrook ward Labour Party	225689311133494	Facebook	w004	Week 4	UK	United Kingdom	2	1	6248	1250	143	0
Martin Skam	Martin Skam	2240926746153609	Facebook	w004	Week 4	UK	United Kingdom	3	1	6131	1133	183	0
Gary Markwell	South Downs Conservatives	1758523354475390	Facebook	w004	Week 4	UK	United Kingdom	1	1	6087	3044	69	0
Congleton Town Labour Party	Congleton Town Labour Party	1380084685360482	Facebook	w004	Week 4	UK	United Kingdom	3	1	6033	857	298	0
Our West Lancashire	Our West Lancashire	1517535045204083	Facebook	w004	Week 4	UK	United Kingdom	2	1	5998	1000	229	0
Cllr Johno Lee for  Balderton north and Coddington ward	 Johnathan lee / Newark Conservative Association 	1622584031364322	Facebook	w004	Week 4	UK	United Kingdom	2	1	5998	1000	229	0
Cllr Ryan Wilson	Ryan Wilson	341933976660540	Facebook	w004	Week 4	UK	United Kingdom	2	1	5998	999	229	0
Belper HAVE YOUR SAY	Belper and Duffield Labour Party	511069125696795	Facebook	w004	Week 4	UK	United Kingdom	2	1	5998	1200	137	0
Emmet McDonough-Brown	Emmet McDonough-Brown	1132342160225444	Facebook	w004	Week 4	UK	United Kingdom	1	1	5833	1166	13	0
David Davies MP	the Conservative Party	541033185979612	Facebook	w004	Week 4	UK	United Kingdom	1	1	5832	2916	66	0
Tiverton & Honiton Liberal Democrats	Dr. J Timperley on behalf of Tiverton and Honiton Liberal Democrats	150862338924727	Facebook	w004	Week 4	UK	United Kingdom	2	1	5623	1125	128	0
Elmet and Rothwell Liberal Democrats	David Hopps	265480670536763	Facebook	w004	Week 4	UK	United Kingdom	2	1	5453	1000	166	0
Dorset Lib Dems	Andy Canning	924139544376816	Facebook	w004	Week 4	UK	United Kingdom	3	1	5189	1828	116	0
My Burpham	Guildford Liberal Democrats	523722518012389	Facebook	w004	Week 4	UK	United Kingdom	3	1	5151	2187	139	0
Battersea Spanish		180892701993348	Facebook	w004	Week 4	UK	United Kingdom	3	1	5139	2423	64	0
EWS Young Labour	Jordan Thornton	1573785216041621	Facebook	w004	Week 4	UK	United Kingdom	2	1	5123	999	128	0
Cllr Marius Gilmore	Maidenhead Conservative Association	507101363128352	Facebook	w004	Week 4	UK	United Kingdom	3	1	5082	1016	116	0
Warrington for Europe	Warrington for Europe	432194743945772	Facebook	w004	Week 4	UK	United Kingdom	1	1	4999	1000	114	0
Stephen Lloyd MP	Stephen Lloyd MP	1632026600406302	Facebook	w004	Week 4	UK	United Kingdom	1	1	4999	1000	114	0
Rumney Labour News	Rumney Labour News	1359780110758966	Facebook	w004	Week 4	UK	United Kingdom	2	1	4999	1000	114	0
Trowbridge & St Mellons Labour News	Trowbridge & St Mellons Labour News	721911121317163	Facebook	w004	Week 4	UK	United Kingdom	2	1	4999	1000	114	0
Llandaff North Labour	Llandaff North Labour	910473105720894	Facebook	w004	Week 4	UK	United Kingdom	2	1	4999	1000	114	0
Cathays Labour	Cathays Labour	223877027679447	Facebook	w004	Week 4	UK	United Kingdom	2	1	4999	1000	114	0
Tristan Gray	Tristan Gray	262125774120331	Facebook	w004	Week 4	UK	United Kingdom	1	1	4999	1000	114	0
Chris Webb	Chris Webb for Blackpool North & Cleveleys Campaign	367006363463686	Facebook	w004	Week 4	UK	United Kingdom	1	1	4999	1000	114	0
Kim Caddy	The Conservative Party	435340366822684	Facebook	w004	Week 4	UK	United Kingdom	1	1	4999	1000	114	0
Mick Antoniw	Mick Antoniw, Assembly Member for Pontypridd at 10 Market Street, Pontypridd, CF37 2ST	719001154831562	Facebook	w004	Week 4	UK	United Kingdom	1	1	4999	1000	114	0
Northumberland Labour Group	Northumberland Labour Group	552430691597045	Facebook	w004	Week 4	UK	United Kingdom	1	1	4999	1000	114	0
Harbour Villages Ward	Chichester Liberal Democrats	1474794785988173	Facebook	w004	Week 4	UK	United Kingdom	1	1	4999	1000	114	0
The North East Party	John Irving Tait on behalf of  The North East Party	1462542617302018	Facebook	w004	Week 4	UK	United Kingdom	1	1	4999	1000	114	0
Winstanley Labour Party	Paul Kenny on behalf of Winstanley Labour Party	215662339171618	Facebook	w004	Week 4	UK	United Kingdom	1	1	4999	1000	114	0
Ben Bradley MP	The Conservative Party	1361286460616795	Facebook	w004	Week 4	UK	United Kingdom	1	1	4999	1000	114	0
The Trouble Club	The Trouble Club LTD	324396931078437	Facebook	w004	Week 4	UK	United Kingdom	1	1	4999	1000	114	0
Alsager Liberal Democrats	Congleton Constituency Liberal Democrats	1102064513149199	Facebook	w004	Week 4	UK	United Kingdom	1	1	4999	1000	114	0
Charlotte Holloway for Plymouth Moor View	Plymouth Labour	122063008481777	Facebook	w004	Week 4	UK	United Kingdom	1	1	4999	1000	114	0
Ben Everitt	Ben Everitt	733426460382084	Facebook	w004	Week 4	UK	United Kingdom	1	1	4999	1000	114	0
Nick Smith for Blaenau Gwent	Nick Smith MP	253836764692893	Facebook	w004	Week 4	UK	United Kingdom	1	1	4999	1000	114	0
Neston Conservatives	Ellesmere Port & Neston Conservatives	269839970448450	Facebook	w004	Week 4	UK	United Kingdom	1	1	4999	1000	114	0
The Identitarian	The Identitarian	378994452625201	Facebook	w004	Week 4	UK	United Kingdom	1	1	4999	1000	114	0
Lincoln for a Peoples Vote	 Published & promoted by John Bland on behalf of Lincolnshire European Movement 	167126724169671	Facebook	w004	Week 4	UK	United Kingdom	1	1	4999	1000	114	0
Student Stand Up To Racism	Stand Up to Racism	920693671385956	Facebook	w004	Week 4	UK	United Kingdom	1	1	4999	2500	57	0
The Moggpill	James Kell	250821388658708	Facebook	w004	Week 4	UK	United Kingdom	2	1	4999	999	114	0
Colin Clark MP	Gordon Conservatives	1490703454530366	Facebook	w004	Week 4	UK	United Kingdom	1	1	4999	1000	114	0
Get Loose		891036294387060	Facebook	w004	Week 4	UK	United Kingdom	1	1	4999	1000	114	0
Mark4cca	Cllr Mark Hawthorne	2083033555290568	Facebook	w004	Week 4	UK	United Kingdom	1	1	4999	1000	114	0
Harrogate & Knaresborough Liberal Democrats	Harrogate & Knaresborough Liberal Democrats	614721848706877	Facebook	w004	Week 4	UK	United Kingdom	1	1	4999	999	114	0
Jon Wedger		1818388638235276	Facebook	w004	Week 4	UK	United Kingdom	1	1	4999	999	88	0
Lewis Bartoli - Your local campaigner	Lewis Bartoli	1816645405314465	Facebook	w004	Week 4	UK	United Kingdom	2	1	4998	999	114	0
Choose Cumbria	Choose Cumbria	963436043666941	Facebook	w004	Week 4	UK	United Kingdom	1	1	4998	999	114	0
Bonkers		1666302690137549	Facebook	w004	Week 4	UK	United Kingdom	1	1	4998	999	114	0
Pay Justice		100854403381908	Facebook	w004	Week 4	UK	United Kingdom	5	1	4995	0	572	0
Splott, Tremorfa and Pengam Green Labour News	Splott, Tremorfa and Pengam Green Labour News	1761608087492229	Facebook	w004	Week 4	UK	United Kingdom	2	1	4993	998	114	0
Caithness, Sutherland and Ross Labour Party	Bill Curran for Caithness Sutherland &Ross CLP	400260420095098	Facebook	w004	Week 4	UK	United Kingdom	1	1	4981	996	114	0
Dude Dad		154100984604961	Facebook	w004	Week 4	UK	United Kingdom	2	1	4903	980	43	8
Prof Scott Arthur - Standing up for Labour	Scott Arthur	599789616890099	Facebook	w004	Week 4	UK	United Kingdom	2	1	4798	800	183	0
Sally Keeble for Northampton North	Sally Keeble	300663396663749	Facebook	w004	Week 4	UK	United Kingdom	3	1	4771	863	151	0
Greater Pollok & Cardonald SNP	Greater Pollok & Cardonald SNP	452439948132746	Facebook	w004	Week 4	UK	United Kingdom	2	1	4713	2142	62	0
Mayor of Bridgwater - Cllr Diogo Rodrigues	Diogo Rodrigues	1847912222147101	Facebook	w004	Week 4	UK	United Kingdom	2	1	4697	921	21	0
Councillor Roger Barrow	Roger Barrow	502719426604339	Facebook	w004	Week 4	UK	United Kingdom	5	1	4669	685	220	0
UCL Labour Society	UCL Labour Society	143897192364041	Facebook	w004	Week 4	UK	United Kingdom	3	1	4665	1696	100	0
Hazel Watson	Mole Valley Liberal Democrats	1672150743038552	Facebook	w004	Week 4	UK	United Kingdom	1	1	4545	2272	52	0
Trinity Specialists in Healthcare		552125698244322	Facebook	w004	Week 4	UK	United Kingdom	1	1	4545	2272	52	0
APS Ards Peninsula Studio 2018		543547702746667	Facebook	w004	Week 4	UK	United Kingdom	1	1	4545	2272	52	0
Team Hatfield East	Welwyn Hatfield Liberal Democrats	473199396507342	Facebook	w004	Week 4	UK	United Kingdom	1	1	4374	875	100	0
Stalybridge Conservatives	Stalybridge & Hyde Conservative Association	458657697866953	Facebook	w004	Week 4	UK	United Kingdom	1	1	4374	2187	50	0
The Political Amphitheatre	The Political Amphitheatre	272258870142114	Facebook	w004	Week 4	UK	United Kingdom	1	1	4374	875	100	0
News for South Chadderton	Oldham & Saddleworth Conservative Federation	488671064824121	Facebook	w004	Week 4	UK	United Kingdom	2	1	4345	833	116	0
Elstow, Stewartby and Kempston Hardwick Liberal Democrats	Bedford Liberal Democrats	182020622439174	Facebook	w004	Week 4	UK	United Kingdom	2	1	4331	666	190	0
Damian Green MP	Damian Green	189437178158253	Facebook	w004	Week 4	UK	United Kingdom	1	1	4284	857	98	0
GlassBox Theatre	Nicole Alison 	978009422390674	Facebook	w004	Week 4	UK	United Kingdom	3	1	4281	666	185	0
Sittingbourne & Sheppey Conservatives	Sittingbourne and Sheppey Conservative Association	171601276358620	Facebook	w004	Week 4	UK	United Kingdom	1	1	4165	833	95	0
Pinkneys Green	Pinkneys Green Liberal Democrats	283314095116695	Facebook	w004	Week 4	UK	United Kingdom	2	1	4090	818	93	0
Plaid Cymru The Party of Wales - Sir Ddinbych Denbighshire	Mabon ap Gwynfor	268212883600712	Facebook	w004	Week 4	UK	United Kingdom	1	1	3999	800	91	0
Rebecca Smith for Plymouth Sutton & Devonport	Rebecca Smith	1589574984477003	Facebook	w004	Week 4	UK	United Kingdom	1	1	3999	799	91	0
Luke and Linda 4 Eastney and Craneswater	Luke Stubbs promoting Linda Symes	648245968693681	Facebook	w004	Week 4	UK	United Kingdom	2	1	3998	600	183	0
Northern Ireland Commissioner for Children and Young People	Northern Ireland Commissioner for Children and Young People	446708912182112	Facebook	w004	Week 4	UK	United Kingdom	6	1	3844	530	197	0
Alasdair Allan MSP	Alasdair Allan	107811502618426	Facebook	w004	Week 4	UK	United Kingdom	1	1	3749	750	85	0
Lib Dem Newswire	Liberal Democrat Newswire	199674550052349	Facebook	w004	Week 4	UK	United Kingdom	1	1	3749	750	85	0
Dominic Skinner for Stratford on Avon	Stratford upon Avon and South Warwickshire Liberal Democrats	1200205356687652	Facebook	w004	Week 4	UK	United Kingdom	1	1	3749	750	85	0
Louise Haigh MP	Louise Haigh	386427418234901	Facebook	w004	Week 4	UK	United Kingdom	1	1	3749	1875	42	0
Rotherham Conservatives	Rotherham and District Conservative Federation	151299025822248	Facebook	w004	Week 4	UK	United Kingdom	1	1	3749	750	85	0
Clive Webster & Rachel Coxcoon - Fighting for Moreton	Cotswold Lib Dems	481860815551096	Facebook	w004	Week 4	UK	United Kingdom	1	1	3749	750	85	0
Trakke	Trakke LTD	139504619455584	Facebook	w004	Week 4	UK	United Kingdom	1	1	3749	1874	42	0
Beverley Road FOCUS	Hull and Hessle Lib Dems	332839596802507	Facebook	w004	Week 4	UK	United Kingdom	1	1	3749	1875	42	0
Dorset for Europe	Dorset For Europe	205664403208769	Facebook	w004	Week 4	UK	United Kingdom	1	1	3636	1818	41	0
Councillor Jim Astill	Jim Astill	1435153740134826	Facebook	w004	Week 4	UK	United Kingdom	1	1	3333	1666	38	0
Folkestone Central 4 Labour	David Horton	724876174559741	Facebook	w004	Week 4	UK	United Kingdom	1	1	3332	666	76	0
The Gym Group		228487575276	Facebook	w004	Week 4	UK	United Kingdom	1	1	3332	1666	38	0
First News	First News 	183759769950	Facebook	w004	Week 4	UK	United Kingdom	4	1	3330	0	381	0
Facebook Brussels	Facebook	287739491272583	Facebook	w004	Week 4	UK	United Kingdom	2	1	3300	528	104	0
Octopus Montage	Octopus Montage	1602128833418754	Facebook	w004	Week 4	UK	United Kingdom	1	1	3273	654	7	0
Mindbody Breakthrough - Anxiety Panic Disorders Recovery		368421726584093	Facebook	w004	Week 4	UK	United Kingdom	3	1	3228	1421	104	14
St Mary's Park, Battersea - Community News	St Mary's Park Conservatives	1834548586875556	Facebook	w004	Week 4	UK	United Kingdom	1	1	3181	636	72	0
Andrea Bradley 4 Pheasey	Andrea Bradley 	1102405259832256	Facebook	w004	Week 4	UK	United Kingdom	1	1	3181	636	72	0
The Better Body Guru	AG Personal Fitness	347937188644002	Facebook	w004	Week 4	UK	United Kingdom	1	1	3181	636	72	0
Shaun Hughes	Shaun Hughes	117190965534347	Facebook	w004	Week 4	UK	United Kingdom	1	1	3181	636	72	0
Gravesham Conservative Association	Gravesham Conservative Association	828239790529168	Facebook	w004	Week 4	UK	United Kingdom	1	1	3181	636	72	0
Matthew Williams-Ellis		128730827152698	Facebook	w004	Week 4	UK	United Kingdom	1	1	3181	636	72	0
Claire Wright - Independent Parliamentary Candidate For East Devon	Claire Louise Wright	716604611739931	Facebook	w004	Week 4	UK	United Kingdom	1	1	3181	636	72	0
British Pakistan Foundation	British Pakistan Foundation (BPF)	120392748018743	Facebook	w004	Week 4	UK	United Kingdom	1	1	3181	1590	36	0
Havering Conservatives	Havering and Redbridge Conservatives	514821562219922	Facebook	w004	Week 4	UK	United Kingdom	1	1	3124	625	71	0
APJ Solicitors		724368557701654	Facebook	w004	Week 4	UK	United Kingdom	1	1	3124	625	71	0
Gulbenkian Andonian Solicitors & Notaries	Armen Andonian	462004587168994	Facebook	w004	Week 4	UK	United Kingdom	3	1	2997	0	343	0
Colchester Conservatives	Darius G Laws & Colchester Conservatives	1159423480755709	Facebook	w004	Week 4	UK	United Kingdom	2	1	2943	500	108	0
My Lewes Priory	Kevin West on behalf of Lewes Liberal Democrats	2171682299734476	Facebook	w004	Week 4	UK	United Kingdom	3	1	2915	533	89	0
Science Vale UK		987530498105217	Facebook	w004	Week 4	UK	United Kingdom	2	1	2910	569	39	6
Maidenhead Liberal Democrats	Maidenhead Liberal Democrats	148903531803631	Facebook	w004	Week 4	UK	United Kingdom	1	1	2726	545	62	0
Cllr Ian Corkin	Cllr Ian Corkin	121948618511339	Facebook	w004	Week 4	UK	United Kingdom	1	1	2726	545	62	0
For Britain in Yorkshire and North Lincolnshire	Mike Speakman  The For Britain Movement	742742842578066	Facebook	w004	Week 4	UK	United Kingdom	1	1	2726	545	62	0
Poole Liberal Democrats	Poole Liberal Democrats	919576671525746	Facebook	w004	Week 4	UK	United Kingdom	2	1	2726	454	104	0
Matt Rodda	Matt Rodda MP	807799369244851	Facebook	w004	Week 4	UK	United Kingdom	2	1	2726	454	104	0
Comitato Nicola Zingaretti UK	Comitato Zingaretti UK	1211675518985769	Facebook	w004	Week 4	UK	United Kingdom	2	1	2707	464	97	0
European Movement: Milton Keynes	European Movement Milton Keynes	110880869622754	Facebook	w004	Week 4	UK	United Kingdom	3	1	2665	333	152	0
W&SE4Corbyn for PM	W&SE4Corbyn Admin	187160521723234	Facebook	w004	Week 4	UK	United Kingdom	2	1	2665	333	152	0
University of Winchester		143430355686638	Facebook	w004	Week 4	UK	United Kingdom	1	1	2631	526	6	0
County Cllr Mike Jordan	Mike Jordan	1364555943628425	Facebook	w004	Week 4	UK	United Kingdom	2	1	2623	375	128	0
Freewings Entertainment		1516465428374145	Facebook	w004	Week 4	UK	United Kingdom	5	1	2564	400	110	0
Trafford Conservatives	Altrincham & Sale West Conservative Association	201951136994785	Facebook	w004	Week 4	UK	United Kingdom	1	1	2499	500	57	0
Llanrumney Labour News	Llanrumney Labour News	1807970796086865	Facebook	w004	Week 4	UK	United Kingdom	1	1	2499	500	57	0
Cllr Phil Bale - Llanisien & Thornhill News	Cllr Phil Bale - Llanisien & Thornhill News	1879815185574670	Facebook	w004	Week 4	UK	United Kingdom	1	1	2499	500	57	0
Grangetown Labour News	Grangetown Labour News	347769735608177	Facebook	w004	Week 4	UK	United Kingdom	1	1	2499	500	57	0
Butetown Labour News	Butetown Labour News	498956480167815	Facebook	w004	Week 4	UK	United Kingdom	1	1	2499	500	57	0
Ely Matters	Ely Matters	238660559926129	Facebook	w004	Week 4	UK	United Kingdom	1	1	2499	500	57	0
Chelmsford Lib Dems	Chelmsford & Maldon Liberal Democrats	681292818704074	Facebook	w004	Week 4	UK	United Kingdom	1	1	2499	1250	28	0
Cllr Andrea Wall - Kingsway	Halton CLP	971062689652731	Facebook	w004	Week 4	UK	United Kingdom	1	1	2499	1250	28	0
David Morgan	David Morgan	473459703056950	Facebook	w004	Week 4	UK	United Kingdom	1	1	2499	500	57	0
Riverside Community News	Riverside Community News	1390518424352554	Facebook	w004	Week 4	UK	United Kingdom	1	1	2499	500	57	0
St Albans Liberal Democrats	St Albans Liberal Democrats	140438519454819	Facebook	w004	Week 4	UK	United Kingdom	1	1	2499	500	57	0
Angela Eagle	Angela Eagle MP	219217080315	Facebook	w004	Week 4	UK	United Kingdom	1	1	2499	1250	28	0
RHUL Conservative Association	Royal Holloway Conservative Association 	556590927743112	Facebook	w004	Week 4	UK	United Kingdom	1	1	2499	500	57	0
Councillors Andrew Stevens & Jan Curtice	Andrew Stevens	339719479751019	Facebook	w004	Week 4	UK	United Kingdom	1	1	2499	500	57	0
VakeNews	Ian Williams	318144978808309	Facebook	w004	Week 4	UK	United Kingdom	1	1	2499	499	57	0
Give Me Back ELMO		246277925388004	Facebook	w004	Week 4	UK	United Kingdom	1	1	2499	500	57	0
Freedom Party	The Freedom Party	930373280371565	Facebook	w004	Week 4	UK	United Kingdom	1	1	2499	1249	28	0
Councillor Braden Davy	Braden Davy	546850955367288	Facebook	w004	Week 4	UK	United Kingdom	1	1	2499	1250	28	0
Matthew Genn	Matthew Genn	236518006752066	Facebook	w004	Week 4	UK	United Kingdom	3	1	2497	0	286	0
London Housing Campaign	London Housing Campaign	500090960329820	Facebook	w004	Week 4	UK	United Kingdom	3	1	2497	0	286	0
Michelle Guy		1036306289878009	Facebook	w004	Week 4	UK	United Kingdom	1	1	2494	498	57	0
Gresham  -  Newport Labour Middlesbrough	John Kabuye	220871674935996	Facebook	w004	Week 4	UK	United Kingdom	2	1	2469	411	94	0
The Care Collection		282289352232591	Facebook	w004	Week 4	UK	United Kingdom	1	1	2399	1200	27	0
CCCP	TripleCeePee	1326325617398886	Facebook	w004	Week 4	UK	United Kingdom	1	1	2332	466	53	0
Nick Gregory Black Country Party Candidate Halesowen South	Nick Gregory	524791884277538	Facebook	w004	Week 4	UK	United Kingdom	1	1	2272	454	52	0
Airedale, Ferry Fryston, Fryston & Townville Independent Candidates	Airedale, Ferry Fryston, Townville & Fryston Independents	210276603237116	Facebook	w004	Week 4	UK	United Kingdom	1	1	2272	454	52	0
Cllr Stuart Carroll	Stuart Carroll. Promoted by Philip Dumville on behalf of Maidenhead Conservative Association, 3 Castle End Road, Ruscombe, Berkshire, RG10 9QX	946592818851998	Facebook	w004	Week 4	UK	United Kingdom	1	1	2272	454	52	0
Cotswold Liberal Democrats	Cotswold Liberal Democrats, Unit 3, Global Retail Park, Cirencester, Gl7 1YZ	204991062870952	Facebook	w004	Week 4	UK	United Kingdom	1	1	2221	444	50	0
The Blacksmith and the Toffeemaker		227459620598924	Facebook	w004	Week 4	UK	United Kingdom	1	1	2187	437	50	0
Oldham and Saddleworth Conservatives	Oldham & Saddleworth Conservative Federation	1678200822436694	Facebook	w004	Week 4	UK	United Kingdom	2	1	2181	363	83	0
Old Town Liberal Democrats	Liberal Democrats	2265084733566325	Facebook	w004	Week 4	UK	United Kingdom	2	1	2048	250	120	0
Winchester Conservatives	Winchester Conservative Association	375473822930283	Facebook	w004	Week 4	UK	United Kingdom	1	1	1999	400	45	0
Salisbury Liberal Democrats	Salisbury Liberal Democrats	509463175850525	Facebook	w004	Week 4	UK	United Kingdom	1	1	1999	1000	22	0
Biggleswade Conservatives	Grant Fage	383236762173811	Facebook	w004	Week 4	UK	United Kingdom	1	1	1999	400	45	0
New Conscious	Zamir Abdullah	1308634685940561	Facebook	w004	Week 4	UK	United Kingdom	2	1	1998	0	229	0
Leavers of Croydon	Michael Swadling	987111394701434	Facebook	w004	Week 4	UK	United Kingdom	3	1	1998	0	229	0
Modius Health		1350510308330159	Facebook	w004	Week 4	UK	United Kingdom	2	1	1998	0	229	0
Keep This Countryside Oasis - Say No To Building On Tower Lane		1132527113576989	Facebook	w004	Week 4	UK	United Kingdom	1	1	1944	388	44	0
Flora & Fauna		303798486465804	Facebook	w004	Week 4	UK	United Kingdom	4	1	1935	612	5	0
Bridget Phillipson	 the Labour Party. Promoted by Les Scott on behalf of Bridget Phillipson	329262860438866	Facebook	w004	Week 4	UK	United Kingdom	1	1	1874	374	42	0
Watford Liberal Democrats	Watford Liberal Democrats 	750008315035564	Facebook	w004	Week 4	UK	United Kingdom	1	1	1874	375	42	0
Mailman	Jamie Stanley	107431219296437	Facebook	w004	Week 4	UK	United Kingdom	1	1	1874	375	42	0
North Norfolk Liberal Democrats	North Norfolk & Great Yarmouth Liberal Democrats	381173868883139	Facebook	w004	Week 4	UK	United Kingdom	1	1	1841	921	21	0
Alex Hegenbarth	Alex Hegenbarth	1497007017259344	Facebook	w004	Week 4	UK	United Kingdom	1	1	1817	363	41	0
Paul Maynard MP	The Conservative Party	307082879098	Facebook	w004	Week 4	UK	United Kingdom	2	1	1817	363	41	0
Lisa's Law Solicitors	Lisa's Law Solicitors	739722549392872	Facebook	w004	Week 4	UK	United Kingdom	2	1	1798	359	29	0
Radio Free UK - www.radiofreeuk.org	Paul Perrin	469246859906228	Facebook	w004	Week 4	UK	United Kingdom	2	1	1748	0	200	0
Aldi Careers UK		793837030669793	Facebook	w004	Week 4	UK	United Kingdom	8	1	1698	463	47	0
Seven Valleys Green Party	Seven Valleys Green Party	1798830963681882	Facebook	w004	Week 4	UK	United Kingdom	2	1	1696	272	69	0
Alliance for Choice	Alliance for Choice	683223451811783	Facebook	w004	Week 4	UK	United Kingdom	1	1	1666	333	38	0
Business for Scotland	Business for Scotland	430016723726801	Facebook	w004	Week 4	UK	United Kingdom	2	1	1666	333	38	0
Councillor Bernadette Eckersley-Fallon	Westhoughton Liberal Democrats	428030057536999	Facebook	w004	Week 4	UK	United Kingdom	1	1	1666	333	38	0
Hale Barns Ward Conservatives	Altrincham and Sale West Conservative Association	154238468572748	Facebook	w004	Week 4	UK	United Kingdom	1	1	1666	333	38	0
Prudhoe Matters		792650460745513	Facebook	w004	Week 4	UK	United Kingdom	1	1	1666	333	38	0
Dr Adam Carter	Rotherham & Barnsley Liberal Democrats	1185631624825822	Facebook	w004	Week 4	UK	United Kingdom	1	1	1666	333	38	0
Adamsdown Liberal Democrats	Cardiff and the Vale Liberal Democrats	742252776166451	Facebook	w004	Week 4	UK	United Kingdom	1	1	1666	333	38	0
Friday Fun		180556451981626	Facebook	w004	Week 4	UK	United Kingdom	1	1	1662	332	38	0
Orbex		1415953441956155	Facebook	w004	Week 4	UK	United Kingdom	1	1	1641	328	2	0
Mossley Hill Labour Councillors	Emily Spurrell	1364937923575806	Facebook	w004	Week 4	UK	United Kingdom	1	1	1562	312	35	0
FT Transact		643057169228509	Facebook	w004	Week 4	UK	United Kingdom	1	1	1538	769	8	1
Standing Up for Stanway	Jeremy Hagon - Witham Conservative Association	342383232905313	Facebook	w004	Week 4	UK	United Kingdom	2	1	1499	250	57	0
Odd Down Matters	Sanjeev Chaddha	695635500830102	Facebook	w004	Week 4	UK	United Kingdom	2	1	1498	0	171	0
Rob Vernon and James Barber for Broken Cross and Upton	Macclesfield Constituency Labour Party	157048871671513	Facebook	w004	Week 4	UK	United Kingdom	2	1	1498	0	171	0
THTC - The Hemp Trading Company		30239959348	Facebook	w004	Week 4	UK	United Kingdom	4	1	1465	271	17	0
Irfan Ahmed	Irfan Ahmed	244576749281592	Facebook	w004	Week 4	UK	United Kingdom	1	1	1428	285	32	0
Pickering Ward Liberal Democrats	Hull and Hessle Lib Dems	131148020236359	Facebook	w004	Week 4	UK	United Kingdom	1	1	1428	285	32	0
Newton Abbot Lib Dems	Newton Abbot Liberal Democrats	1593088050974665	Facebook	w004	Week 4	UK	United Kingdom	1	1	1427	285	32	0
Kieran Mullan	Crewe & Nantwich Conservatives	372926399915233	Facebook	w004	Week 4	UK	United Kingdom	2	1	1425	241	52	0
Basildon Borough Council		177327719126311	Facebook	w004	Week 4	UK	United Kingdom	1	1	1399	280	32	0
Cobalt Recruitment		1429237287290648	Facebook	w004	Week 4	UK	United Kingdom	2	1	1399	233	53	0
Paul Lowe for Adlington & Anderton	Paul Lowe	248099642389696	Facebook	w004	Week 4	UK	United Kingdom	1	1	1363	272	31	0
Mike Rumbles MSP	North East Scotland Liberal Democrats	1115492048475828	Facebook	w004	Week 4	UK	United Kingdom	1	1	1363	272	31	0
AAC the preferred party		219720085599851	Facebook	w004	Week 4	UK	United Kingdom	1	1	1363	272	31	0
Le Monde		14892757589	Facebook	w004	Week 4	UK	United Kingdom	8	1	1343	532	2	0
Generation Rent UK	Jacob Mukherjee	178280625594903	Facebook	w004	Week 4	UK	United Kingdom	1	1	1333	666	15	0
Barwell - Bosworth Conservatives	Russell Roberts	604343479649878	Facebook	w004	Week 4	UK	United Kingdom	1	1	1249	250	28	0
Cllr John Howson	Cllr John Howson on behalf of Cllr John Howson of Venneit Close Oxford OX1 1HZ	1855818688013552	Facebook	w004	Week 4	UK	United Kingdom	1	1	1249	250	28	0
Cllr Phil North	Cllr Phil North	354631794641366	Facebook	w004	Week 4	UK	United Kingdom	1	1	1249	250	28	0
Rochdale Liberal Democrats	Rochdale Liberal Democrats	479425565566275	Facebook	w004	Week 4	UK	United Kingdom	1	1	1249	250	28	0
Ian Stotesbury	Watford Liberal Democrats 	182166295552154	Facebook	w004	Week 4	UK	United Kingdom	1	1	1249	625	14	0
Hengrove and Whitchurch Park - Bristol Ward Page	Bristol Liberal Democrats	130741070293378	Facebook	w004	Week 4	UK	United Kingdom	1	1	1249	250	28	0
Rachel Maclean MP	Independent Parliamentary Standards Authority	1700506176913718	Facebook	w004	Week 4	UK	United Kingdom	1	1	1111	555	12	0
Charles Goerens		441313569220539	Facebook	w004	Week 4	UK	United Kingdom	1	1	1094	547	10	0
All for Dorset	All for Dorset	456502021530890	Facebook	w004	Week 4	UK	United Kingdom	2	1	1082	0	124	0
Liberal Democrats for Romsey & Southampton North	Test Valley Borough Liberal Democrats 	283622958364868	Facebook	w004	Week 4	UK	United Kingdom	2	1	1070	0	122	0
Endlebury Conservatives	Endlebury Conservatives	1530553077072967	Facebook	w004	Week 4	UK	United Kingdom	1	1	999	0	114	0
The Bank Nightclub - Perth	ENT24 Ltd	621160024690830	Facebook	w004	Week 4	UK	United Kingdom	1	1	999	0	114	0
Scott Dickinson	Scott Dickinson	1564849170444385	Facebook	w004	Week 4	UK	United Kingdom	1	1	999	0	114	0
Goldington Liberal Democrats	Bedford Liberal Democrats	169753760561644	Facebook	w004	Week 4	UK	United Kingdom	1	1	999	0	114	0
Macclesfield Constituency Labour Party	Macclesfield Constituency Labour Party	1829084614030388	Facebook	w004	Week 4	UK	United Kingdom	1	1	999	0	114	0
Active For Plymouth	Active For Plymouth	2112665965417019	Facebook	w004	Week 4	UK	United Kingdom	1	1	999	0	114	0
Manchester Conservatives	Manchester Conservatives	652248114796803	Facebook	w004	Week 4	UK	United Kingdom	1	1	999	0	114	0
Gloucestershire Liberal Democrats	Gloucestershire Lib Dems	1407894352808430	Facebook	w004	Week 4	UK	United Kingdom	1	1	999	0	114	0
Planetmagazine CylchgrawnPlanet	Planet: the Welsh Internationalist	1597563513824370	Facebook	w004	Week 4	UK	United Kingdom	1	1	999	200	22	0
Steve Reed MP	Steve Reed MP	994216984020188	Facebook	w004	Week 4	UK	United Kingdom	1	1	999	0	114	0
Yvonne Fovargue	Yvonne Fovargue 	152475088097981	Facebook	w004	Week 4	UK	United Kingdom	1	1	999	0	114	0
Nic Dakin MP		186874346397	Facebook	w004	Week 4	UK	United Kingdom	1	1	999	200	22	0
Liberal Reform	Liberal Reform	284957834900926	Facebook	w004	Week 4	UK	United Kingdom	1	1	999	0	114	0
Cleveland Liberal Democrats		1663355277261187	Facebook	w004	Week 4	UK	United Kingdom	1	1	999	0	114	0
Little Blossoms Nursery		1868768956573129	Facebook	w004	Week 4	UK	United Kingdom	1	1	999	0	114	0
Emma Payne Whittlefield with Ightenhill		2135494010005335	Facebook	w004	Week 4	UK	United Kingdom	1	1	999	0	114	0
Brighton Queens Park Conservatives	James Noble	209651906631766	Facebook	w004	Week 4	UK	United Kingdom	1	1	999	0	114	0
Polish Legal Centre		755428994590269	Facebook	w004	Week 4	UK	United Kingdom	1	1	999	0	114	0
London Review of Books		12457085970	Facebook	w004	Week 4	UK	United Kingdom	1	1	998	0	114	0
TENCEL		164249401288	Facebook	w004	Week 4	UK	United Kingdom	1	1	922	369	0	0
Soviet Visuals		1160495674016675	Facebook	w004	Week 4	UK	United Kingdom	9	1	914	180	12	0
Pat Patel: Conservative Candidate for St Budeaux Ward	Pat Patel	651414568582602	Facebook	w004	Week 4	UK	United Kingdom	1	1	908	181	20	0
Evolve Penrith	Evolve Penrith	242626203295189	Facebook	w004	Week 4	UK	United Kingdom	1	1	908	181	20	0
The Lamp Room at  Sheriffhall		190810057986833	Facebook	w004	Week 4	UK	United Kingdom	1	1	908	181	16	0
Lancaster Swp		382045858649407	Facebook	w004	Week 4	UK	United Kingdom	1	1	908	181	20	0
Treevotion		312276899356713	Facebook	w004	Week 4	UK	United Kingdom	5	1	898	223	1	0
Lord John Robartes Regiment	Lord John Robartes Regiment	285922155095139	Facebook	w004	Week 4	UK	United Kingdom	1	1	874	0	100	0
Simon Elliott, Cornwall Councillor for the Ludgvan Division	Simon Elliott, Cornwall Councillor for the Ludgvan Division	150906795387172	Facebook	w004	Week 4	UK	United Kingdom	1	1	833	166	19	0
Stalybridge & Hyde Labour Party	Stalybridge and Hyde Labour Party	243388289130352	Facebook	w004	Week 4	UK	United Kingdom	1	1	832	0	95	0
Mark Pengelly for St. John's	Mark Pengelly	249650868878212	Facebook	w004	Week 4	UK	United Kingdom	1	1	832	0	95	0
NRC		196118303833398	Facebook	w004	Week 4	UK	United Kingdom	8	1	823	102	40	0
Cllr Ed Wilson	Cllr Ed Wlson	1754648718174312	Facebook	w004	Week 4	UK	United Kingdom	1	1	799	0	91	0
We Want REAL Brexit On 29th March 2019 Or We Will Do Road Block		173310400179311	Facebook	w004	Week 4	UK	United Kingdom	2	1	794	159	14	0
Rennie Media		2182205995396834	Facebook	w004	Week 4	UK	United Kingdom	1	1	749	0	85	0
Hannah Graham for London Assembly	Hannah Graham	306242976402891	Facebook	w004	Week 4	UK	United Kingdom	1	1	749	150	17	0
Ashley Cartman for North Somerset	North Somerset Liberal Democrats	2304286376467321	Facebook	w004	Week 4	UK	United Kingdom	1	1	666	0	76	0
Manchester People's Assembly - Austerity Cut it Out	Penny Hicks	455633854521466	Facebook	w004	Week 4	UK	United Kingdom	1	1	666	0	76	0
Cullercoats Councillors		325374451289147	Facebook	w004	Week 4	UK	United Kingdom	1	1	635	0	72	0
Cardiff Council / Cyngor Caerdydd		520998734707256	Facebook	w004	Week 4	UK	United Kingdom	1	1	635	0	72	0
The Badger Cull-Support our Farmers		536180543147412	Facebook	w004	Week 4	UK	United Kingdom	1	1	635	0	72	0
Stepping Stones NI		166985333351356	Facebook	w004	Week 4	UK	United Kingdom	1	1	635	0	72	0
The Green Group UK Limited		386421225256264	Facebook	w004	Week 4	UK	United Kingdom	2	1	629	0	72	0
Alastair Majury for Dunblane & Bridge of Allan	Alastair Majury	756672681150932	Facebook	w004	Week 4	UK	United Kingdom	1	1	624	125	14	0
Facts4EU.org	Facts4EU	347056176120863	Facebook	w004	Week 4	UK	United Kingdom	1	1	624	125	14	0
MacGregor Family		1561177027362449	Facebook	w004	Week 4	UK	United Kingdom	1	1	624	0	71	0
The Student Room		8854458628	Facebook	w004	Week 4	UK	United Kingdom	1	1	624	0	71	0
Oliver "In The Name Of The Paw"		1871357379615723	Facebook	w004	Week 4	UK	United Kingdom	1	1	624	125	14	0
Grant Shapps MP	Grant Shapps MP	141543002709690	Facebook	w004	Week 4	UK	United Kingdom	1	1	588	294	6	0
Himmah		946869632019061	Facebook	w004	Week 4	UK	United Kingdom	1	1	570	0	65	0
Open Attire UK	Open Attire UK	385720811809851	Facebook	w004	Week 4	UK	United Kingdom	1	1	544	0	62	0
Christian Foley		560451784151400	Facebook	w004	Week 4	UK	United Kingdom	1	1	544	0	62	0
The Newry Reporter		267408941134	Facebook	w004	Week 4	UK	United Kingdom	1	1	544	0	62	0
Friends of Udney Park Playing Fields		716872311786142	Facebook	w004	Week 4	UK	United Kingdom	2	1	544	0	62	0
Global Investments - Real Estate		743034529413104	Facebook	w004	Week 4	UK	United Kingdom	1	1	539	107	6	1
Shengke Zhi for Broadheath	Shengke Zhi	234819857089301	Facebook	w004	Week 4	UK	United Kingdom	2	1	514	0	59	0
Cllr Mrs Fran Carpenter	Fran Carpenter	1696934723855624	Facebook	w004	Week 4	UK	United Kingdom	1	1	499	0	57	0
My Clitheroe	Ribble Valley Lib Dems	154600435231199	Facebook	w004	Week 4	UK	United Kingdom	1	1	499	0	57	0
Councillor Chris Booth	Taunton Deane Liberal Democrats 	1002808753071248	Facebook	w004	Week 4	UK	United Kingdom	1	1	499	0	57	0
Adventist Christian's Everlasting Gospel		162083777813036	Facebook	w004	Week 4	UK	United Kingdom	1	1	499	0	44	0
QHS Solutions Ltd, Quality Health and Safety Solutions!		8954273637	Facebook	w004	Week 4	UK	United Kingdom	1	1	461	0	40	0
Professor  Alberto Testa	Alberto Testa	1899667790263172	Facebook	w004	Week 4	UK	United Kingdom	1	1	454	0	52	0
Councillor Nigel Pepper	Nigel Pepper	662559940497759	Facebook	w004	Week 4	UK	United Kingdom	1	1	454	90	10	0
St Albans Conservatives	Alec Campbell	716570405092640	Facebook	w004	Week 4	UK	United Kingdom	1	1	454	90	10	0
Mr Chad		304723679720335	Facebook	w004	Week 4	UK	United Kingdom	1	1	454	0	40	0
Councillor Christina Cannon	Councillor Christina Cannon	136106133581601	Facebook	w004	Week 4	UK	United Kingdom	1	1	454	90	10	0
LegacyFx		966644110116765	Facebook	w004	Week 4	UK	United Kingdom	1	1	444	222	1	0
Jill Seymour MEP		395640497211143	Facebook	w004	Week 4	UK	United Kingdom	1	1	437	0	50	0
Civil Liberties Union for Europe		1424938757739868	Facebook	w004	Week 4	UK	United Kingdom	1	1	426	85	8	0
NUNYO & COMPANY	Nunyo Demasio	221364705166573	Facebook	w004	Week 4	UK	United Kingdom	1	1	416	208	1	0
Unity News Network	Unity News Network	432832003805922	Facebook	w004	Week 4	UK	United Kingdom	3	1	412	0	47	0
Cardiff Liberal Democrats	Cardiff and the Vale Liberal Democrats	497777730418267	Facebook	w004	Week 4	UK	United Kingdom	1	1	406	81	9	0
Londoni Könyvcentrum		1428389980798063	Facebook	w004	Week 4	UK	United Kingdom	1	1	402	80	9	0
Grangefield Matters		1854779971444129	Facebook	w004	Week 4	UK	United Kingdom	1	1	388	0	44	0
Gentle Dental Clinic Crete		387716078000099	Facebook	w004	Week 4	UK	United Kingdom	3	1	371	67	4	0
The Liberals		452477284771923	Facebook	w004	Week 4	UK	United Kingdom	1	1	363	0	41	0
Circling Europe		503234379789523	Facebook	w004	Week 4	UK	United Kingdom	1	1	335	67	5	0
Ricky-Lee Cooke for Hornby	Ricky-Lee Cooke	165469837119378	Facebook	w004	Week 4	UK	United Kingdom	1	1	333	0	38	0
The Moderate Brexit Voter	The Moderate Brexit Voter	263620604000948	Facebook	w004	Week 4	UK	United Kingdom	1	1	333	0	38	0
Vile Assembly	Leigh Mullin	186161625252112	Facebook	w004	Week 4	UK	United Kingdom	1	1	333	0	38	0
Capel, Leigh & Newdigate Focus Team	Mole Valley Liberal Democrats	280349602369063	Facebook	w004	Week 4	UK	United Kingdom	1	1	333	0	38	0
Willenhall South Conservatives	Joshua Whitehouse on behalf of Willenhall South Conservatives	2176498509289644	Facebook	w004	Week 4	UK	United Kingdom	1	1	333	66	7	0
Miss Attire - Blingbows boutique	Natalie Brumby	301221036744128	Facebook	w004	Week 4	UK	United Kingdom	2	1	285	0	32	0
International Growth Centre	London School of Economics and Political Science	121645431208100	Facebook	w004	Week 4	UK	United Kingdom	1	1	282	56	0	0
Sefydliad Confucius Bangor Confucius Institute		1386697314896879	Facebook	w004	Week 4	UK	United Kingdom	1	1	272	0	24	0
Sleaford Elite Gymnastics & Trampoline Club		239249982913149	Facebook	w004	Week 4	UK	United Kingdom	1	1	272	0	31	0
Slough Conservatives	Slough Conservative Association	1562008267209505	Facebook	w004	Week 4	UK	United Kingdom	1	1	270	54	6	0
YOGA BURN		146316959083110	Facebook	w004	Week 4	UK	United Kingdom	2	1	268	53	4	0
Joel Erway		248070895357097	Facebook	w004	Week 4	UK	United Kingdom	1	1	266	0	23	0
Shipley Green Party Councillors	Green Party of England & Wales	411596062337446	Facebook	w004	Week 4	UK	United Kingdom	1	1	249	0	28	0
Andrew Carnegie Poetry		1818345975059729	Facebook	w004	Week 4	UK	United Kingdom	1	1	249	0	28	0
Consolato Onorario Liverpool		420387848498430	Facebook	w004	Week 4	UK	United Kingdom	1	1	240	48	4	0
Polski Biznes w UK	Krzysztof Kawulak	983420921675233	Facebook	w004	Week 4	UK	United Kingdom	1	1	225	0	25	0
Do-IY		1928305744086843	Facebook	w004	Week 4	UK	United Kingdom	1	1	225	0	25	0
Austin Kemp Solicitors		575134495988971	Facebook	w004	Week 4	UK	United Kingdom	1	1	225	0	25	0
British masters and community party		1877203692509618	Facebook	w004	Week 4	UK	United Kingdom	1	1	225	0	25	0
Labour South East	The Labour Party.	123817579216	Facebook	w004	Week 4	UK	United Kingdom	1	1	218	0	25	0
Twitch Play		306832579925019	Facebook	w004	Week 4	UK	United Kingdom	1	1	199	0	17	0
EIT InnoEnergy		344038838945608	Facebook	w004	Week 4	UK	United Kingdom	4	1	193	88	0	0
Westhoughton Life	Martyn Cox	1331606100266908	Facebook	w004	Week 4	UK	United Kingdom	1	1	181	0	20	0
A Poem A Day		2137226516591109	Facebook	w004	Week 4	UK	United Kingdom	1	1	176	0	15	0
Prestige Financial Advisers		890288091064693	Facebook	w004	Week 4	UK	United Kingdom	1	1	170	0	19	0
High Peak Liberal Democrats	High Peak Liberal Democrats	617669571716667	Facebook	w004	Week 4	UK	United Kingdom	1	1	166	0	19	0
Charlotte Cornell - Labour Parliamentary Candidate for Dover & Deal	The Labour Party. Promoted by Charlotte Zosseder on behalf of Charlotte Cornell.	593248331017521	Facebook	w004	Week 4	UK	United Kingdom	1	1	166	0	19	0
Simon Letts for Southampton Itchen	The Labour Party. Promoted by Paul Lewzey on behalf of Simon Letts.	703958799979138	Facebook	w004	Week 4	UK	United Kingdom	1	1	166	0	19	0
OBV		78976852029	Facebook	w004	Week 4	UK	United Kingdom	1	1	134	0	11	0
Beagle Street Life Insurance		293060374233552	Facebook	w004	Week 4	UK	United Kingdom	1	1	120	0	13	0
Rotary Ireland		191256809154	Facebook	w004	Week 4	UK	United Kingdom	1	1	105	0	10	0
North East Dartmoor Care - NEDCare		478761178956821	Facebook	w004	Week 4	UK	United Kingdom	1	1	94	0	10	0
WE ARE PLANET EARTH	Callie Gauntlett	1898737837080060	Facebook	w004	Week 4	UK	United Kingdom	1	1	90	0	10	0
Runnymede Residents & Community		806221479413467	Facebook	w004	Week 4	UK	United Kingdom	1	1	80	0	9	0
Churchill Retirement Living		106997312716196	Facebook	w004	Week 4	UK	United Kingdom	1	1	77	0	8	0
UKIP Walsall		1408516032723974	Facebook	w004	Week 4	UK	United Kingdom	1	1	70	0	8	0
PLANADVISER		1825875921073929	Facebook	w004	Week 4	UK	United Kingdom	1	1	63	31	0	0
Stonham Barns Leisure & Retail Village		203399459795074	Facebook	w004	Week 4	UK	United Kingdom	1	1	59	0	6	0
Andrew Zbik - Lane Cove - Labor		1599877663573922	Facebook	w004	Week 4	UK	United Kingdom	2	1	47	5	1	0
Funzing		1002602679753304	Facebook	w004	Week 4	UK	United Kingdom	1	1	47	0	4	0
Joshua Garfield		169826110322248	Facebook	w004	Week 4	UK	United Kingdom	1	1	47	0	5	0
Banque mondiale		155174084508744	Facebook	w004	Week 4	UK	United Kingdom	8	1	33	15	0	0
Don Brown MP		567814099965388	Facebook	w004	Week 4	UK	United Kingdom	1	1	28	0	1	0
The Free Markets Series on PBS Affiliates		322535364513656	Facebook	w004	Week 4	UK	United Kingdom	1	1	28	0	1	0
FT Content Solutions		1220981994590364	Facebook	w004	Week 4	UK	United Kingdom	3	1	27	5	0	0
High Tides		267460276710397	Facebook	w004	Week 4	UK	United Kingdom	1	1	27	0	2	0
Acacia Car Rentals		198061050534528	Facebook	w004	Week 4	UK	United Kingdom	2	1	25	5	0	0
Best Shopping Deals		519091928553063	Facebook	w004	Week 4	UK	United Kingdom	1	1	23	4	0	0
www.capital.gr		186848962521	Facebook	w004	Week 4	UK	United Kingdom	1	1	22	4	0	0
Andreas Schieder	SPÖ	290881691011354	Facebook	w004	Week 4	UK	United Kingdom	2	1	14	2	0	0
Compass Migration		1145219358933611	Facebook	w004	Week 4	UK	United Kingdom	1	1	11	0	0	0
Milaap		315603771494	Facebook	w004	Week 4	UK	United Kingdom	1	1	2	0	0	0
CleanChoice Energy		1270054533067724	Facebook	w004	Week 4	UK	United Kingdom	1	1	2	0	0	0
Stronger Together		583590448741201	Facebook	w004	Week 4	UK	United Kingdom	1	1	2	0	0	0
Local Real Estate		1603988749878111	Facebook	w004	Week 4	UK	United Kingdom	1	1	2	0	0	0
Slimming World Castlebellingham		1153994954765115	Facebook	w004	Week 4	UK	United Kingdom	1	1	1	0	0	0
Kaar Kaas Sonn		215255338679306	Facebook	w004	Week 4	UK	United Kingdom	2	1	1	0	0	0
Epic Charter Schools		127856880579586	Facebook	w004	Week 4	UK	United Kingdom	2	1	1	0	0	0
India Blooms		100437263411937	Facebook	w004	Week 4	UK	United Kingdom	1	1	1	0	0	0
Sat Kartar Langar Sewa		381559649052934	Facebook	w004	Week 4	UK	United Kingdom	1	1	1	0	0	0
Parents for Public Charter Schools		513144069179059	Facebook	w004	Week 4	UK	United Kingdom	1	1	0	0	0	0
