advertiser_name	advertiser_disclosure	platform_advertiser_id	platform_name	gender_code_filter	gender_label_filter	country_code_filter	country_name_filter	ad_count	advertiser_count	high_impressions	low_impressions	high_spend	low_spend
Kialo		729627343834501	Facebook	u	unknown	PT	Portugal	369	1	46126	19268	244	60
European Parliament		178362315106	Facebook	u	unknown	PT	Portugal	68	1	15116	6084	55	10
Partido Socialista Europeu	Partido Socialista Europeu	126509981274614	Facebook	u	unknown	PT	Portugal	54	1	12667	5291	18	1
Socialists and Democrats Group in the European Parliament		127925800618165	Facebook	u	unknown	PT	Portugal	50	1	10917	4994	21	6
The Bamboo Brush Society		1152885191422950	Facebook	u	unknown	PT	Portugal	34	1	8172	3229	25	2
European Commission		107898832590939	Facebook	u	unknown	PT	Portugal	10	1	7179	3108	12	4
Fundação Calouste Gulbenkian		49386033906	Facebook	u	unknown	PT	Portugal	1	1	7101	3550	3	0
EPP - European People's Party	EPP - European People's Party	48034275355	Facebook	u	unknown	PT	Portugal	35	1	4114	1704	11	2
Greens/EFA in the European Parliament		150527751674751	Facebook	u	unknown	PT	Portugal	45	1	3834	1468	8	0
350.org		12185972707	Facebook	u	unknown	PT	Portugal	28	1	3692	921	21	3
MEO		69209479569	Facebook	u	unknown	PT	Portugal	4	1	3436	1351	5	1
ALDE Party – Liberals and Democrats for Europe		262681199589	Facebook	u	unknown	PT	Portugal	56	1	3413	1491	13	2
VoteWatch Europe		355087424564148	Facebook	u	unknown	PT	Portugal	8	1	3091	1349	7	1
Página Miguel Viegas		194651341130667	Facebook	u	unknown	PT	Portugal	13	1	2916	1022	10	1
National Geographic		107307059419	Facebook	u	unknown	PT	Portugal	4	1	2552	1272	1	0
Guardian Weekly		64525551258	Facebook	u	unknown	PT	Portugal	8	1	2274	897	4	1
Esquerda Net	Esquerda Net	116426248469551	Facebook	u	unknown	PT	Portugal	4	1	2219	1109	11	4
Democracia para todos		141310866605696	Facebook	u	unknown	PT	Portugal	12	1	2163	662	6	0
Uiu		907141939410106	Facebook	u	unknown	PT	Portugal	4	1	2025	779	2	0
Rios Livres		247517791943794	Facebook	u	unknown	PT	Portugal	9	1	1940	692	5	0
Carlos Coelho		306796832807017	Facebook	u	unknown	PT	Portugal	6	1	1661	830	7	1
European Greens		141366725876424	Facebook	u	unknown	PT	Portugal	13	1	1626	677	7	1
Fundação Francisco Manuel dos Santos		197936253581591	Facebook	u	unknown	PT	Portugal	4	1	1440	288	2	0
Less Saves The Planet		222697015050981	Facebook	u	unknown	PT	Portugal	3	1	1179	527	2	0
Web Summit		294067420659309	Facebook	u	unknown	PT	Portugal	2	1	1032	516	25	5
Party of European Socialists	Party of European Socialists	148097975226385	Facebook	u	unknown	PT	Portugal	20	1	1021	344	4	0
Estoril Conferences		113088885432588	Facebook	u	unknown	PT	Portugal	6	1	1013	292	4	0
SNESup - Sindicato Nacional do Ensino Superior	SIndicato Nacional do Ensino Superior	1423076804611614	Facebook	u	unknown	PT	Portugal	4	1	988	197	2	0
José Manuel Fernandes		255056481315205	Facebook	u	unknown	PT	Portugal	3	1	981	490	2	0
		0	Facebook	u	unknown	PT	Portugal	4	1	955	191	1	0
SPEA - Sociedade Portuguesa para o Estudo das Aves	SPEA - Sociedade Portuguesa para o Estudo das Aves	152559446094	Facebook	u	unknown	PT	Portugal	3	1	929	186	4	0
UNICEF Portugal		193697864002162	Facebook	u	unknown	PT	Portugal	9	1	924	277	5	0
European Youth Event		919232861444360	Facebook	u	unknown	PT	Portugal	5	1	916	397	1	0
GooVercnc		478029222330844	Facebook	u	unknown	PT	Portugal	2	1	895	447	2	0
Europe Together		140105536131109	Facebook	u	unknown	PT	Portugal	1	1	873	436	4	0
Made of Lisboa		272173909578205	Facebook	u	unknown	PT	Portugal	2	1	869	173	1	0
Bikezac - By Cobags		292443537522136	Facebook	u	unknown	PT	Portugal	1	1	856	342	2	1
A Solution to Plastic Pollution - First International Online Summit		1098001547034272	Facebook	u	unknown	PT	Portugal	14	1	815	320	4	0
Pela Case		119283008140727	Facebook	u	unknown	PT	Portugal	14	1	787	254	1	0
Vodafone Portugal		122118287806643	Facebook	u	unknown	PT	Portugal	2	1	752	372	2	0
Gaia		182073298490036	Facebook	u	unknown	PT	Portugal	5	1	744	353	6	2
Vencer Autismo		113648681980447	Facebook	u	unknown	PT	Portugal	5	1	739	279	3	0
Ygdfgbf		600253333764096	Facebook	u	unknown	PT	Portugal	2	1	723	361	3	0
The Trevor Project		24470472733	Facebook	u	unknown	PT	Portugal	1	1	681	272	0	0
Climate-KIC		403370709744295	Facebook	u	unknown	PT	Portugal	2	1	677	288	1	0
Sintrazul - pela nossa terra		307268589921990	Facebook	u	unknown	PT	Portugal	2	1	662	298	3	0
EU Justice and Consumers		278117815576023	Facebook	u	unknown	PT	Portugal	7	1	630	305	3	0
De		934096290121472	Facebook	u	unknown	PT	Portugal	1	1	628	314	9	1
Amnistia Internacional Portugal		122344957784863	Facebook	u	unknown	PT	Portugal	1	1	596	298	2	0
JRS Portugal - Serviço Jesuíta aos Refugiados		133133230037212	Facebook	u	unknown	PT	Portugal	1	1	551	275	0	0
Billabong Portugal		231794483586853	Facebook	u	unknown	PT	Portugal	2	1	551	206	0	0
Erickson Construction Co., Inc.		124410044236290	Facebook	u	unknown	PT	Portugal	1	1	550	275	2	1
Transportes Tr		165201043582796	Facebook	u	unknown	PT	Portugal	3	1	550	110	1	0
MBRC		1853495178284518	Facebook	u	unknown	PT	Portugal	16	1	546	195	3	0
Forum para a Competitividade		379577608813318	Facebook	u	unknown	PT	Portugal	2	1	541	214	0	0
The Palestine Institute for Public Diplomacy		158233651450504	Facebook	u	unknown	PT	Portugal	3	1	527	263	1	0
Tuxy		870667836405958	Facebook	u	unknown	PT	Portugal	3	1	505	206	1	0
Wholesome Culture		1664959567149320	Facebook	u	unknown	PT	Portugal	7	1	500	221	1	0
EPP Group in the European Parliament		291699857688	Facebook	u	unknown	PT	Portugal	6	1	500	216	0	0
Europeana.eu		10261403667	Facebook	u	unknown	PT	Portugal	2	1	495	213	0	0
Eu, Cláudio		329597637158905	Facebook	u	unknown	PT	Portugal	2	1	470	94	0	0
Collision Conf		205093963028353	Facebook	u	unknown	PT	Portugal	9	1	467	117	4	0
Stone Brewing Spain		1619410238105995	Facebook	u	unknown	PT	Portugal	1	1	460	184	0	0
Cushman & Wakefield Portugal		249651028878873	Facebook	u	unknown	PT	Portugal	3	1	457	91	1	0
Instituto Universitário da Maia - ISMAI	Instituto Universitário da Maia - ISMAI	126517847414252	Facebook	u	unknown	PT	Portugal	13	1	448	98	3	0
Aliança Animal		1823409314540707	Facebook	u	unknown	PT	Portugal	1	1	446	89	0	0
Game of Sultans		185311195624361	Facebook	u	unknown	PT	Portugal	7	1	443	193	8	2
Quercus - ANCN		106034402750264	Facebook	u	unknown	PT	Portugal	3	1	439	102	1	0
Just the Sea		1900991803307408	Facebook	u	unknown	PT	Portugal	2	1	432	86	1	0
Champac		496652620698865	Facebook	u	unknown	PT	Portugal	3	1	426	96	4	0
Udo Bullmann		68936775929	Facebook	u	unknown	PT	Portugal	2	1	414	207	2	0
Uniarea		413110028708018	Facebook	u	unknown	PT	Portugal	5	1	409	132	0	0
Projeto LGBT Seniores: Contrariar Tendências, Eliminar Estigmas		124497401215380	Facebook	u	unknown	PT	Portugal	3	1	397	79	2	0
Positive Money Europe		454544301251419	Facebook	u	unknown	PT	Portugal	1	1	395	79	3	0
Diem25 Portugal		1607757729537849	Facebook	u	unknown	PT	Portugal	1	1	372	74	0	0
Kelly's CEOS		1495992263997478	Facebook	u	unknown	PT	Portugal	2	1	357	170	2	0
Relógio D'Água		165860283490838	Facebook	u	unknown	PT	Portugal	1	1	351	70	0	0
E-Gender WebES		308175426456924	Facebook	u	unknown	PT	Portugal	3	1	345	69	4	0
European Committee of the Regions		527351247377965	Facebook	u	unknown	PT	Portugal	4	1	344	149	1	0
MasterClass		687589164666184	Facebook	u	unknown	PT	Portugal	3	1	342	171	1	0
Give A Vote Portugal		428035657954346	Facebook	u	unknown	PT	Portugal	5	1	332	77	1	0
Um universitário também chora		1429916380583545	Facebook	u	unknown	PT	Portugal	5	1	327	94	0	0
Socialismo Revolucionário - CIT Portugal		168628333311401	Facebook	u	unknown	PT	Portugal	1	1	327	65	0	0
European Jewish Association		853930504670255	Facebook	u	unknown	PT	Portugal	1	1	318	159	0	0
Grupo Romando		368386283751545	Facebook	u	unknown	PT	Portugal	1	1	297	59	0	0
Deloitte Portugal		1009935012382918	Facebook	u	unknown	PT	Portugal	1	1	295	147	0	0
DRH Lindersvold		512374155442078	Facebook	u	unknown	PT	Portugal	2	1	292	135	0	0
Master D Portugal		195045053891648	Facebook	u	unknown	PT	Portugal	1	1	285	142	1	0
HuBB - Humans Before Borders		711725569161050	Facebook	u	unknown	PT	Portugal	3	1	284	52	2	0
YATA Portugal - AJPA / CPA		125613144212134	Facebook	u	unknown	PT	Portugal	1	1	282	56	0	0
Altice Portugal		117745288271605	Facebook	u	unknown	PT	Portugal	1	1	268	134	1	0
Cecilia Malmström		258966159416	Facebook	u	unknown	PT	Portugal	1	1	266	106	0	0
gestalten		154235850999	Facebook	u	unknown	PT	Portugal	2	1	264	80	1	0
Jungle		535379943208357	Facebook	u	unknown	PT	Portugal	4	1	259	60	1	0
Le Monde		14892757589	Facebook	u	unknown	PT	Portugal	35	1	259	88	0	0
The Good Lobby		1420129598280317	Facebook	u	unknown	PT	Portugal	10	1	254	109	0	0
FontBundles.net		1653056048283270	Facebook	u	unknown	PT	Portugal	3	1	254	99	1	0
ADDHU - Associação de Defesa dos Direitos Humanos		79148803373	Facebook	u	unknown	PT	Portugal	1	1	252	50	0	0
Guardian B2B		452752128144314	Facebook	u	unknown	PT	Portugal	1	1	250	125	0	0
Talking Europe		316028505828375	Facebook	u	unknown	PT	Portugal	3	1	246	110	0	0
Plataforma TROCA - Não ao TTIP e CETA, por um Comércio Internacional Justo		488897117904299	Facebook	u	unknown	PT	Portugal	2	1	244	64	2	0
Pedro Choy		254592092068572	Facebook	u	unknown	PT	Portugal	3	1	242	70	2	0
NeatCleats.cc		412725642440323	Facebook	u	unknown	PT	Portugal	2	1	240	48	0	0
The Sorgentian		999473843569108	Facebook	u	unknown	PT	Portugal	1	1	234	93	0	0
Poder & Negócios		782942372076491	Facebook	u	unknown	PT	Portugal	1	1	234	46	0	0
Grupo Amnistia Internacional Coimbra		160575267312360	Facebook	u	unknown	PT	Portugal	1	1	233	46	0	0
Fumaça		1536746203302018	Facebook	u	unknown	PT	Portugal	1	1	224	44	0	0
Counter Balance: Challenging Public Investment Banks		123860337211	Facebook	u	unknown	PT	Portugal	1	1	222	44	0	0
CDS - PP Sesimbra	João António Anacleto Casaca 	354961308231340	Facebook	u	unknown	PT	Portugal	1	1	220	110	0	0
CHEGA		1989920374407828	Facebook	u	unknown	PT	Portugal	1	1	216	108	0	0
Create.Refresh	Create.Refresh	1736881926615141	Facebook	u	unknown	PT	Portugal	4	1	215	93	0	0
ArrábidaShopping		308273402654142	Facebook	u	unknown	PT	Portugal	1	1	213	42	0	0
Piramidal	Susana Da Veiga Lopes Nunes De Oliveira	341436219228678	Facebook	u	unknown	PT	Portugal	1	1	212	42	0	0
Travestis Brasileiras em Portugal. Trans-migrações e Globalização		169088303724938	Facebook	u	unknown	PT	Portugal	34	1	207	70	4	0
Give A Vote		2186129244970085	Facebook	u	unknown	PT	Portugal	2	1	206	45	1	0
European Commission - Development & Cooperation - EuropeAid		287842647957979	Facebook	u	unknown	PT	Portugal	9	1	202	43	0	0
AllStaff		800800569996959	Facebook	u	unknown	PT	Portugal	1	1	197	39	0	0
Riot x Riot DJ Act		175305429194092	Facebook	u	unknown	PT	Portugal	1	1	197	98	1	0
Federação Distrital do PS Porto		281620278605589	Facebook	u	unknown	PT	Portugal	7	1	195	36	4	0
Expatica		206982432584	Facebook	u	unknown	PT	Portugal	5	1	194	93	2	0
EAU		720890788044423	Facebook	u	unknown	PT	Portugal	1	1	193	38	0	0
Florida Invest		1757174107834441	Facebook	u	unknown	PT	Portugal	2	1	193	90	0	0
Portal da Construção Sustentável		188081254442	Facebook	u	unknown	PT	Portugal	1	1	192	38	0	0
APAV | Associação Portuguesa de Apoio à Vítima		180704148611351	Facebook	u	unknown	PT	Portugal	1	1	192	38	0	0
Guel		1389964117926542	Facebook	u	unknown	PT	Portugal	2	1	191	38	0	0
Council of the European Union		147547541961576	Facebook	u	unknown	PT	Portugal	4	1	190	77	0	0
ALDE Group – Liberals and Democrats in the European Parliament	ALDE Group in the European Parliament. 	123910440019	Facebook	u	unknown	PT	Portugal	7	1	186	85	0	0
PSD Albufeira		194970191419494	Facebook	u	unknown	PT	Portugal	1	1	184	36	0	0
Goldenergy		440341036369937	Facebook	u	unknown	PT	Portugal	1	1	179	35	0	0
Save the Refugees		1931458237163388	Facebook	u	unknown	PT	Portugal	1	1	178	71	0	0
Votedhr - Eleições, Democracia e Direitos Humanos		230530994542764	Facebook	u	unknown	PT	Portugal	1	1	174	34	0	0
Iversale		2328597934037109	Facebook	u	unknown	PT	Portugal	4	1	169	76	0	0
Center for European Integration Studies (ZEI)		144159745724379	Facebook	u	unknown	PT	Portugal	1	1	167	83	0	0
Joana Amaral Dias		764534230264687	Facebook	u	unknown	PT	Portugal	5	1	166	33	3	0
Resgatar a Democracia		967893453300690	Facebook	u	unknown	PT	Portugal	5	1	162	58	2	0
World Jewish Congress		130945114804	Facebook	u	unknown	PT	Portugal	1	1	161	80	0	0
Novos Povoadores		348611626957	Facebook	u	unknown	PT	Portugal	1	1	157	78	1	0
Transparent Blogs		219266525687969	Facebook	u	unknown	PT	Portugal	1	1	152	30	1	0
Alans		505502073289313	Facebook	u	unknown	PT	Portugal	2	1	151	30	0	0
Flamingos' Life		762801087102682	Facebook	u	unknown	PT	Portugal	15	1	150	21	8	0
Impala.pt - Portal de Notícias		321872351171046	Facebook	u	unknown	PT	Portugal	1	1	148	29	0	0
Caca Gambuzinos		352941131969952	Facebook	u	unknown	PT	Portugal	1	1	148	29	0	0
Mirlo's Place		465529890135481	Facebook	u	unknown	PT	Portugal	1	1	148	29	1	0
Rádio Azul	Ana Carla Mendes Gonçalves	143484195734712	Facebook	u	unknown	PT	Portugal	1	1	143	28	0	0
Amais - Serviços de Engenharia		228343470642606	Facebook	u	unknown	PT	Portugal	1	1	141	28	0	0
Fundação da Juventude		108097602544206	Facebook	u	unknown	PT	Portugal	1	1	140	28	0	0
European Laurel		322124128611587	Facebook	u	unknown	PT	Portugal	1	1	139	27	0	0
Erasmus Student Network		25226723130	Facebook	u	unknown	PT	Portugal	2	1	139	69	0	0
Musicians Against Climate Change		1760259647637432	Facebook	u	unknown	PT	Portugal	8	1	132	16	6	0
Polígrafo		258649144844557	Facebook	u	unknown	PT	Portugal	1	1	130	26	0	0
Européens Sans Frontières		668031516635463	Facebook	u	unknown	PT	Portugal	8	1	128	50	0	0
SPEAK		461552097199345	Facebook	u	unknown	PT	Portugal	1	1	125	62	0	0
Associação Empresarial de Sintra		1647697398842476	Facebook	u	unknown	PT	Portugal	1	1	125	25	0	0
Animal Matters	Animal Matters	1439364926329185	Facebook	u	unknown	PT	Portugal	6	1	123	34	0	0
Federação do PS Santarém		347642161983998	Facebook	u	unknown	PT	Portugal	1	1	119	23	0	0
U.S. Mission to NATO		67014122312	Facebook	u	unknown	PT	Portugal	2	1	117	45	0	0
Bruno Vitorino		396563611144038	Facebook	u	unknown	PT	Portugal	2	1	117	23	0	0
Plataforma Laboral e Popular		1077815305664973	Facebook	u	unknown	PT	Portugal	1	1	117	23	0	0
De		732049047141542	Facebook	u	unknown	PT	Portugal	1	1	114	22	0	0
eToro		193863317737	Facebook	u	unknown	PT	Portugal	19	1	114	45	0	0
Agriturismo Serine da agricoltura biologica		119287371486993	Facebook	u	unknown	PT	Portugal	1	1	113	22	1	0
Lagoa da Ervedeira		243843209047397	Facebook	u	unknown	PT	Portugal	1	1	111	22	0	0
Hoagard		331529506998997	Facebook	u	unknown	PT	Portugal	3	1	107	17	0	0
CAA English, Portugal - Chaves		307757751146	Facebook	u	unknown	PT	Portugal	1	1	106	21	0	0
De		2120860401311247	Facebook	u	unknown	PT	Portugal	1	1	105	21	0	0
Soviet Visuals		1160495674016675	Facebook	u	unknown	PT	Portugal	22	1	104	20	1	0
ISCE DOURO		1575133286085806	Facebook	u	unknown	PT	Portugal	2	1	104	9	5	0
Plataforma Já Marchavas		226397144885270	Facebook	u	unknown	PT	Portugal	4	1	103	22	2	0
Shop_bestylsh		419874248775980	Facebook	u	unknown	PT	Portugal	1	1	102	20	0	0
TECH3		419563078494914	Facebook	u	unknown	PT	Portugal	1	1	101	20	0	0
Litoral Centro		458115604384602	Facebook	u	unknown	PT	Portugal	1	1	101	20	0	0
Maria Luz Lopes		1126500010850543	Facebook	u	unknown	PT	Portugal	1	1	100	20	0	0
Clínica Parque da Cidade		137206689670338	Facebook	u	unknown	PT	Portugal	1	1	99	49	0	0
Veganuary		170911309781648	Facebook	u	unknown	PT	Portugal	10	1	98	20	1	0
LGBTstyle		839131319627314	Facebook	u	unknown	PT	Portugal	34	1	98	15	3	0
Jons		346855426068310	Facebook	u	unknown	PT	Portugal	1	1	98	19	1	0
Huawei Europe		1709278142683543	Facebook	u	unknown	PT	Portugal	1	1	98	49	0	0
Redfish		349920542118450	Facebook	u	unknown	PT	Portugal	4	1	95	39	0	0
Extinction Point		626030780865803	Facebook	u	unknown	PT	Portugal	2	1	93	18	0	0
Acid Reign		36593342027	Facebook	u	unknown	PT	Portugal	1	1	93	18	0	0
Ami Horowitz		42597808880	Facebook	u	unknown	PT	Portugal	3	1	92	21	0	0
MEDAL display		1490537417901414	Facebook	u	unknown	PT	Portugal	2	1	91	18	0	0
GUE/NGL		164355333623231	Facebook	u	unknown	PT	Portugal	1	1	88	44	0	0
Aqui Do Quarto		1768598459918577	Facebook	u	unknown	PT	Portugal	2	1	88	17	0	0
THTC - The Hemp Trading Company		30239959348	Facebook	u	unknown	PT	Portugal	15	1	87	18	1	0
KTREW Tattoo		325901597566419	Facebook	u	unknown	PT	Portugal	1	1	87	17	0	0
La French Radio Portugal		1030083170527953	Facebook	u	unknown	PT	Portugal	3	1	87	17	2	0
World Youth Academy		155365641152627	Facebook	u	unknown	PT	Portugal	3	1	87	17	0	0
UNICEF Europe & Central Asia		373536278864	Facebook	u	unknown	PT	Portugal	1	1	87	35	0	0
De		282260309064721	Facebook	u	unknown	PT	Portugal	1	1	85	17	0	0
Percussionsieve		222636381742520	Facebook	u	unknown	PT	Portugal	1	1	84	16	0	0
Debating Europe	Debating Europe	132011730204757	Facebook	u	unknown	PT	Portugal	2	1	83	16	0	0
Bamboo Treats		236966830541727	Facebook	u	unknown	PT	Portugal	1	1	83	16	0	0
LegacyFx		966644110116765	Facebook	u	unknown	PT	Portugal	3	1	83	41	0	0
MmosWorld		1262271977168621	Facebook	u	unknown	PT	Portugal	1	1	83	41	0	0
João Castelão		180111202191505	Facebook	u	unknown	PT	Portugal	1	1	82	16	0	0
Aeco - Associação para o Estudo e Conservação dos Oceanos		168501313206561	Facebook	u	unknown	PT	Portugal	2	1	82	16	0	0
IdealMed		292724864144698	Facebook	u	unknown	PT	Portugal	1	1	82	41	0	0
GearBest		624353394279966	Facebook	u	unknown	PT	Portugal	1	1	82	16	0	0
Berlin Beer Week		789641531111955	Facebook	u	unknown	PT	Portugal	3	1	80	16	0	0
The Bambooster		230034544330013	Facebook	u	unknown	PT	Portugal	2	1	80	32	0	0
EPP Group in the European Committee of the Regions		200559876664896	Facebook	u	unknown	PT	Portugal	3	1	80	16	0	0
Amazinc Skincare		222074311472291	Facebook	u	unknown	PT	Portugal	2	1	80	15	0	0
Editora Objectiva		127088410681230	Facebook	u	unknown	PT	Portugal	1	1	79	15	0	0
Esri		211211155280	Facebook	u	unknown	PT	Portugal	3	1	78	17	0	0
Kenneth Flathaug Photography		125745308299292	Facebook	u	unknown	PT	Portugal	2	1	77	38	0	0
Ecosia		177765836610	Facebook	u	unknown	PT	Portugal	1	1	76	15	0	0
Subpod		839183619577851	Facebook	u	unknown	PT	Portugal	4	1	76	15	0	0
Caritas Europa		190426711052241	Facebook	u	unknown	PT	Portugal	2	1	75	15	0	0
Save The Seas		2203608429682203	Facebook	u	unknown	PT	Portugal	2	1	73	14	0	0
ALDE CoR - Liberals and Democrats in the European Committee of the Regions		1033827283344362	Facebook	u	unknown	PT	Portugal	1	1	73	14	0	0
World Surf League		81269622057	Facebook	u	unknown	PT	Portugal	1	1	72	28	0	0
Council of Europe - Directorate General Human Rights and Rule of Law		315160671967064	Facebook	u	unknown	PT	Portugal	23	1	71	22	0	0
CompassList		1482047498540316	Facebook	u	unknown	PT	Portugal	1	1	71	14	1	0
ReAJ - Amnistia Internacional Portugal		409107122499655	Facebook	u	unknown	PT	Portugal	2	1	70	31	1	0
Index in English		1969401936694372	Facebook	u	unknown	PT	Portugal	2	1	69	13	0	0
World Food Programme		28312410177	Facebook	u	unknown	PT	Portugal	1	1	69	13	0	0
Perdurabo		380940568683973	Facebook	u	unknown	PT	Portugal	1	1	69	34	0	0
O Video do Papa		906647586037816	Facebook	u	unknown	PT	Portugal	2	1	68	31	0	0
European Youth		130456876990360	Facebook	u	unknown	PT	Portugal	4	1	67	33	0	0
EEA and Norway Grants		70937137362	Facebook	u	unknown	PT	Portugal	1	1	66	26	0	0
On Your Sleeve	ON YOUR SLEEVE	247943179229148	Facebook	u	unknown	PT	Portugal	10	1	66	20	0	0
Museu de Lisboa		1055829087765572	Facebook	u	unknown	PT	Portugal	1	1	65	13	1	0
Nosso Shopping		963708500415840	Facebook	u	unknown	PT	Portugal	1	1	65	13	0	0
Kairen Beachwear		561964244297847	Facebook	u	unknown	PT	Portugal	2	1	64	32	0	0
HP Large Format Media		169820440552379	Facebook	u	unknown	PT	Portugal	1	1	64	12	0	0
Mimo - Kids Concept Store		220595425062417	Facebook	u	unknown	PT	Portugal	1	1	63	12	1	0
EU Maritime & Fish		387573881345007	Facebook	u	unknown	PT	Portugal	1	1	62	31	0	0
CHEGA Cascais		579107079183838	Facebook	u	unknown	PT	Portugal	1	1	62	12	0	0
World Bank		153371894688575	Facebook	u	unknown	PT	Portugal	33	1	60	26	0	0
MOOM Consultoria e Coaching		741359692713241	Facebook	u	unknown	PT	Portugal	2	1	60	9	0	0
Queer IST		176737409747999	Facebook	u	unknown	PT	Portugal	2	1	59	9	2	0
Cambridge Assessment English Portugal		1478314088883990	Facebook	u	unknown	PT	Portugal	1	1	58	11	1	0
Zahy - Natural Feelings		749704715377637	Facebook	u	unknown	PT	Portugal	1	1	57	11	1	0
I Love Crowdfunding Projects		112683756154005	Facebook	u	unknown	PT	Portugal	5	1	55	17	0	0
Cristóvão Norte		162224703842642	Facebook	u	unknown	PT	Portugal	5	1	55	16	1	0
Colombe Cahen-Salvador		341056773289917	Facebook	u	unknown	PT	Portugal	1	1	55	11	1	0
Rosa-Luxemburg-Stiftung / English		224597158386607	Facebook	u	unknown	PT	Portugal	1	1	54	27	0	0
The British Journal of Photography	Ecotricity Group Limited	40055265495	Facebook	u	unknown	PT	Portugal	1	1	54	10	0	0
Erasmus+ Juventude em Ação	Erasmus+ Juventude em Ação	128362563891037	Facebook	u	unknown	PT	Portugal	1	1	53	26	0	0
CDS PP		814851935239574	Facebook	u	unknown	PT	Portugal	1	1	53	26	0	0
Stanford Graduate School of Business		208357009185713	Facebook	u	unknown	PT	Portugal	4	1	53	10	0	0
Solar Impulse		187539851277198	Facebook	u	unknown	PT	Portugal	2	1	52	20	0	0
Book Algarve		315396265835120	Facebook	u	unknown	PT	Portugal	1	1	51	10	1	0
Optimize Investment Partners		753914581379554	Facebook	u	unknown	PT	Portugal	2	1	51	10	1	0
Humble Household		1746853745395190	Facebook	u	unknown	PT	Portugal	7	1	50	13	0	0
Cidadãos de Esposende		503170089890542	Facebook	u	unknown	PT	Portugal	1	1	50	25	0	0
Município de Oeiras		129586383695	Facebook	u	unknown	PT	Portugal	2	1	50	10	1	0
Aliança - VFXira e Azambuja		544071142748299	Facebook	u	unknown	PT	Portugal	1	1	50	25	0	0
Mr C		1487165318215711	Facebook	u	unknown	PT	Portugal	1	1	50	10	0	0
Coconut Bowls		451945511677873	Facebook	u	unknown	PT	Portugal	11	1	49	9	0	0
Opinion Podium		581957128631800	Facebook	u	unknown	PT	Portugal	2	1	48	20	0	0
Nuno Queiroz Ribeiro		139401002828662	Facebook	u	unknown	PT	Portugal	1	1	48	9	0	0
Nós, Cidadãos - Vila Real		502497713588256	Facebook	u	unknown	PT	Portugal	9	1	48	3	3	0
Stonewall		18933990398	Facebook	u	unknown	PT	Portugal	2	1	48	9	0	0
Soonfeed		214615931960850	Facebook	u	unknown	PT	Portugal	5	1	47	12	0	0
Bali Hope		1311505702264274	Facebook	u	unknown	PT	Portugal	2	1	47	8	0	0
CDS Concelhia do Porto		190558191111	Facebook	u	unknown	PT	Portugal	1	1	46	23	0	0
Sample Market		504781446382209	Facebook	u	unknown	PT	Portugal	13	1	46	14	0	0
Livros e Revistas da T		153682668167843	Facebook	u	unknown	PT	Portugal	1	1	45	9	0	0
WHOLE - United Queer Festival		513002089046849	Facebook	u	unknown	PT	Portugal	6	1	45	6	1	0
Traxsource		67579939495	Facebook	u	unknown	PT	Portugal	2	1	45	9	0	0
Alberto Alemanno		179635265973968	Facebook	u	unknown	PT	Portugal	1	1	44	8	0	0
VenSol Energias Renovaveis lda		136397689721816	Facebook	u	unknown	PT	Portugal	1	1	44	22	0	0
Businesspoint		2061576244053901	Facebook	u	unknown	PT	Portugal	1	1	44	22	0	0
Made in Nature Shop		351256532146846	Facebook	u	unknown	PT	Portugal	1	1	44	22	0	0
BoCA Bienal		1528030857525952	Facebook	u	unknown	PT	Portugal	1	1	44	8	0	0
Paulo Sande Europa 2019		1181801021944578	Facebook	u	unknown	PT	Portugal	2	1	44	18	0	0
CADA		437121876473581	Facebook	u	unknown	PT	Portugal	1	1	43	21	0	0
packiteco		1331461700293350	Facebook	u	unknown	PT	Portugal	2	1	43	8	0	0
EURACTIV		15299247059	Facebook	u	unknown	PT	Portugal	3	1	43	8	0	0
Last Stop Brexit		820489154977103	Facebook	u	unknown	PT	Portugal	1	1	42	8	0	0
Open Society Roma Initiatives		369567809754486	Facebook	u	unknown	PT	Portugal	1	1	42	8	0	0
Bye Bye Plastic Movement		314571159256130	Facebook	u	unknown	PT	Portugal	1	1	42	8	0	0
ADF International		382186268590822	Facebook	u	unknown	PT	Portugal	1	1	42	17	0	0
Centre of Excellence		761616163858631	Facebook	u	unknown	PT	Portugal	5	1	41	9	0	0
ETUC		129041250601685	Facebook	u	unknown	PT	Portugal	1	1	39	19	0	0
Alkanatur Portugal		1661282674179203	Facebook	u	unknown	PT	Portugal	2	1	39	15	1	0
Festa do Cinema Italiano		172724282353	Facebook	u	unknown	PT	Portugal	1	1	39	7	0	0
Equilibre des énergies		154645694605913	Facebook	u	unknown	PT	Portugal	1	1	39	7	0	0
BIOVOICES		757175771158686	Facebook	u	unknown	PT	Portugal	4	1	39	7	0	0
Phenix Portugal		426727031230580	Facebook	u	unknown	PT	Portugal	1	1	38	7	0	0
Rumos - Formação Profissional		181464377964	Facebook	u	unknown	PT	Portugal	1	1	38	19	0	0
Fdsm		329485817638886	Facebook	u	unknown	PT	Portugal	1	1	38	19	0	0
José Inácio Faria		776954362379878	Facebook	u	unknown	PT	Portugal	1	1	37	18	0	0
Paulo Trigo Pereira		2244204929201003	Facebook	u	unknown	PT	Portugal	1	1	36	7	0	0
siosLIFE		157026621069033	Facebook	u	unknown	PT	Portugal	2	1	36	7	0	0
Margarida Mano		1744357535692856	Facebook	u	unknown	PT	Portugal	1	1	36	7	0	0
OZY		1393911800825140	Facebook	u	unknown	PT	Portugal	1	1	36	7	0	0
OTS Solicitors		940549775965601	Facebook	u	unknown	PT	Portugal	1	1	36	18	0	0
Penso, logo existe Tavira		150446409116376	Facebook	u	unknown	PT	Portugal	2	1	35	14	0	0
Alameda - Shop & Spot		1197230230316457	Facebook	u	unknown	PT	Portugal	1	1	35	17	0	0
The Munk Debates		259282224084288	Facebook	u	unknown	PT	Portugal	1	1	34	6	0	0
Visões do Futuro - DECO Proteste		1660680100702552	Facebook	u	unknown	PT	Portugal	2	1	33	13	0	0
FT Content Solutions		1220981994590364	Facebook	u	unknown	PT	Portugal	4	1	33	6	0	0
Terraplana		206880866122436	Facebook	u	unknown	PT	Portugal	1	1	33	6	0	0
Science for Progress		1736822593283315	Facebook	u	unknown	PT	Portugal	2	1	32	11	0	0
Marcos cuerdo		202444867353318	Facebook	u	unknown	PT	Portugal	1	1	32	6	0	0
Movimento Pelas Nações		2605012812858169	Facebook	u	unknown	PT	Portugal	1	1	32	16	0	0
Alexandre Guerreiro		2014465322118151	Facebook	u	unknown	PT	Portugal	1	1	32	6	0	0
Busech Shopping		297339700960830	Facebook	u	unknown	PT	Portugal	5	1	31	12	0	0
Financial Times		8860325749	Facebook	u	unknown	PT	Portugal	2	1	31	6	0	0
CHEGAOeiras		376495686435499	Facebook	u	unknown	PT	Portugal	2	1	30	6	0	0
Martiform		171823083481544	Facebook	u	unknown	PT	Portugal	1	1	30	6	0	0
Dasa		2676583115900587	Facebook	u	unknown	PT	Portugal	2	1	30	6	0	0
Golden Porto		441598145153	Facebook	u	unknown	PT	Portugal	1	1	29	5	0	0
Alameda Restaurante&Rooftop		238441186913232	Facebook	u	unknown	PT	Portugal	2	1	29	13	0	0
Ldhdhe		318799992277708	Facebook	u	unknown	PT	Portugal	1	1	28	14	0	0
Kiwi.com		334822256561481	Facebook	u	unknown	PT	Portugal	1	1	28	5	0	0
Hertie School of Governance		10760031281	Facebook	u	unknown	PT	Portugal	1	1	28	5	0	0
INSEAD		164840743574941	Facebook	u	unknown	PT	Portugal	1	1	28	14	0	0
Estrategizando		286165641882132	Facebook	u	unknown	PT	Portugal	1	1	28	14	0	0
Nacionalidade Portuguesa para Brasileiros		136023436968800	Facebook	u	unknown	PT	Portugal	4	1	28	14	0	0
QUESTÃO DE IGUALDADE - Associação para a Inovação Social		108762939154020	Facebook	u	unknown	PT	Portugal	1	1	27	5	0	0
Treevotion		312276899356713	Facebook	u	unknown	PT	Portugal	8	1	27	7	0	0
Onde ir		289466124420019	Facebook	u	unknown	PT	Portugal	1	1	27	5	0	0
Advogado do Diabo		1582158762064361	Facebook	u	unknown	PT	Portugal	3	1	27	4	0	0
Luciana �		899574380236185	Facebook	u	unknown	PT	Portugal	2	1	27	5	0	0
Stagg Music (official)		166644226724554	Facebook	u	unknown	PT	Portugal	1	1	27	13	0	0
Dddz		2192164927765009	Facebook	u	unknown	PT	Portugal	1	1	26	13	0	0
Construction Climate Challenge		1421675261420283	Facebook	u	unknown	PT	Portugal	2	1	26	5	0	0
GraffitiStreet		255076417975344	Facebook	u	unknown	PT	Portugal	1	1	26	13	0	0
GAîA		389280808172899	Facebook	u	unknown	PT	Portugal	1	1	26	13	0	0
Ircycle		530634984063711	Facebook	u	unknown	PT	Portugal	1	1	26	5	0	0
Iguarias da Mary		852296758200801	Facebook	u	unknown	PT	Portugal	1	1	26	5	0	0
Sandra Hunter		1688517401364326	Facebook	u	unknown	PT	Portugal	2	1	25	5	0	0
Mint		1586969654915532	Facebook	u	unknown	PT	Portugal	1	1	25	5	0	0
Paulo Vieira da Silva		926747420682669	Facebook	u	unknown	PT	Portugal	1	1	25	5	0	0
Chug Bottles		1781974005205686	Facebook	u	unknown	PT	Portugal	1	1	25	12	0	0
Miapetra Kumpula-Natri	Euroopassa Suomen tähden  / Miapetra Kumpula-Natri	922311201130062	Facebook	u	unknown	PT	Portugal	1	1	24	4	0	0
Green Nature		560749361108481	Facebook	u	unknown	PT	Portugal	1	1	24	4	0	0
Gabyanna Negra e Gorda		1543316489132220	Facebook	u	unknown	PT	Portugal	2	1	24	12	0	0
European Action Week Against Racism		1224138274394269	Facebook	u	unknown	PT	Portugal	1	1	24	4	0	0
NATO Strategic Communications Centre of Excellence		1456516717932002	Facebook	u	unknown	PT	Portugal	1	1	24	12	0	0
Tunis Forum on Gender Equality		362993680952642	Facebook	u	unknown	PT	Portugal	1	1	23	11	0	0
Au bouleau		173455193380760	Facebook	u	unknown	PT	Portugal	1	1	23	4	0	0
Charles Goerens		441313569220539	Facebook	u	unknown	PT	Portugal	1	1	23	4	0	0
Pérolas da "justiça" portuguesa		1465672993664292	Facebook	u	unknown	PT	Portugal	2	1	23	8	0	0
META		2175594085999125	Facebook	u	unknown	PT	Portugal	1	1	23	4	0	0
Weo Design Creation		787263727951146	Facebook	u	unknown	PT	Portugal	2	1	23	8	0	0
Pedro Inocêncio		1064039966957974	Facebook	u	unknown	PT	Portugal	1	1	23	11	0	0
Lisa's Law Solicitors	Lisa's Law Solicitors	739722549392872	Facebook	u	unknown	PT	Portugal	5	1	22	8	0	0
É Pó Que Calhar		1854978374533918	Facebook	u	unknown	PT	Portugal	2	1	22	4	0	0
EU Gateway Business Avenues		1878683232394649	Facebook	u	unknown	PT	Portugal	1	1	22	4	0	0
WJC - Jewish Diplomatic Corps		1163542677027283	Facebook	u	unknown	PT	Portugal	3	1	22	4	0	0
Naturdouro		966724983492490	Facebook	u	unknown	PT	Portugal	2	1	22	7	0	0
The 3rd Floor		1991350814444900	Facebook	u	unknown	PT	Portugal	1	1	22	0	2	0
PS Alcochete		277343975781209	Facebook	u	unknown	PT	Portugal	1	1	22	11	0	0
BuzzyRange		535807280265668	Facebook	u	unknown	PT	Portugal	28	1	21	0	2	0
TaxEduportal		828411763950694	Facebook	u	unknown	PT	Portugal	1	1	21	4	0	0
We Amplify		186008238755917	Facebook	u	unknown	PT	Portugal	4	1	21	4	0	0
Vulcano Portugal		1484102345154609	Facebook	u	unknown	PT	Portugal	1	1	21	4	0	0
Dar Futuro Ao Barreiro		123845841129709	Facebook	u	unknown	PT	Portugal	1	1	21	10	0	0
Deutschland.de		31292782350	Facebook	u	unknown	PT	Portugal	13	1	20	4	0	0
EU Citizens Alliance		1122069994636814	Facebook	u	unknown	PT	Portugal	3	1	20	7	0	0
Barreiro A Nova Alvorada		1953732031599771	Facebook	u	unknown	PT	Portugal	1	1	20	4	0	0
Petra De Sutter		372776579930604	Facebook	u	unknown	PT	Portugal	1	1	19	9	0	0
ParaqinOfficial		420328302103021	Facebook	u	unknown	PT	Portugal	1	1	19	9	0	0
Rui Barreto		174688149890590	Facebook	u	unknown	PT	Portugal	1	1	19	3	0	0
Creative Europe		603554766349702	Facebook	u	unknown	PT	Portugal	1	1	19	7	0	0
ABC Chinchillas		1453933831549701	Facebook	u	unknown	PT	Portugal	2	1	19	3	0	0
CGTN		565225540184937	Facebook	u	unknown	PT	Portugal	1	1	18	9	0	0
PIER Energy		1789349561345880	Facebook	u	unknown	PT	Portugal	2	1	18	3	0	0
LGBTI VISEU		1870482983282463	Facebook	u	unknown	PT	Portugal	2	1	18	3	0	0
Per Mariam		1968180666566558	Facebook	u	unknown	PT	Portugal	3	1	18	2	0	0
Protection of Animals		130045060873751	Facebook	u	unknown	PT	Portugal	15	1	18	2	0	0
Volt Portugal		748416605352963	Facebook	u	unknown	PT	Portugal	1	1	18	0	1	0
Helske Energy Save Portugal		1069886013176737	Facebook	u	unknown	PT	Portugal	1	1	18	3	0	0
Instituto de Formação Bancária - IFB		2187031141556341	Facebook	u	unknown	PT	Portugal	1	1	18	3	0	0
CESP - Portugal		114270908642031	Facebook	u	unknown	PT	Portugal	1	1	18	3	0	0
Fire Safe Europe - FSEU		238789186294640	Facebook	u	unknown	PT	Portugal	1	1	18	3	0	0
Vivir en armonia		253565078185777	Facebook	u	unknown	PT	Portugal	1	1	18	3	0	0
VendoLivros		150802995718042	Facebook	u	unknown	PT	Portugal	1	1	18	3	0	0
Mais Portugal		344415836372729	Facebook	u	unknown	PT	Portugal	1	1	17	8	0	0
JSD Concelhia Castelo Branco		401060886636916	Facebook	u	unknown	PT	Portugal	1	1	17	8	0	0
The Intercept Brasil		1754956431459064	Facebook	u	unknown	PT	Portugal	4	1	17	7	0	0
Novacâmbios Instituição de Pagamento S.A		109075945806694	Facebook	u	unknown	PT	Portugal	1	1	17	3	0	0
Humberto JUSTO		460392070679494	Facebook	u	unknown	PT	Portugal	1	1	17	3	0	0
O Corvo - Sítio de Lisboa		271635936300788	Facebook	u	unknown	PT	Portugal	1	1	16	3	0	0
Lime Shop Online		790946694613780	Facebook	u	unknown	PT	Portugal	12	1	16	5	0	0
Hertz 24/7 Portugal		261288784404560	Facebook	u	unknown	PT	Portugal	1	1	16	8	0	0
Colunista.		276347976356271	Facebook	u	unknown	PT	Portugal	1	1	16	3	0	0
Colm Taylor - Cashel & Tipperary Candidate		271339086356159	Facebook	u	unknown	PT	Portugal	1	1	16	3	0	0
Cláudia Monteiro de Aguiar		231164670253617	Facebook	u	unknown	PT	Portugal	3	1	16	3	0	0
Eco is the new cool		1714427681954038	Facebook	u	unknown	PT	Portugal	1	1	16	0	1	0
Conselho Português para a Paz e Cooperação		172967316057604	Facebook	u	unknown	PT	Portugal	1	1	15	3	0	0
AADID		917259318326247	Facebook	u	unknown	PT	Portugal	1	1	15	3	0	0
É Tempo de Mudar - Vinhais		334192340106005	Facebook	u	unknown	PT	Portugal	1	1	15	7	0	0
Copisel		812555982122386	Facebook	u	unknown	PT	Portugal	1	1	15	3	0	0
CONSCIOUS ACTION NETWORK		110605102286875	Facebook	u	unknown	PT	Portugal	1	1	15	3	0	0
International Politics and Society		1591078677572315	Facebook	u	unknown	PT	Portugal	1	1	15	3	0	0
IndieLisboa International Film Festival		44915771401	Facebook	u	unknown	PT	Portugal	1	1	14	0	1	0
EQUA		150066411717094	Facebook	u	unknown	PT	Portugal	1	1	14	2	0	0
André Fernandes		1392119681053121	Facebook	u	unknown	PT	Portugal	2	1	14	1	0	0
Andrea Venzon		190415584911640	Facebook	u	unknown	PT	Portugal	1	1	14	7	0	0
Graffiti artist Ninbolt-닌볼트		1693363207651451	Facebook	u	unknown	PT	Portugal	2	1	14	7	0	0
Bond		153637704655631	Facebook	u	unknown	PT	Portugal	1	1	14	2	0	0
Hippy Cream		1498213003611246	Facebook	u	unknown	PT	Portugal	1	1	14	2	0	0
Duarte Marques		216027921748612	Facebook	u	unknown	PT	Portugal	1	1	14	2	0	0
Democraciómetro		1060167347486727	Facebook	u	unknown	PT	Portugal	1	1	14	7	0	0
Dr. Hassan Mohsen Elhais		290561631132324	Facebook	u	unknown	PT	Portugal	1	1	14	7	0	0
Teresa Damasio		749251675456023	Facebook	u	unknown	PT	Portugal	2	1	14	7	0	0
Kai and Reef		220940452105669	Facebook	u	unknown	PT	Portugal	1	1	14	7	0	0
José Henrique Pinto		1622906634634790	Facebook	u	unknown	PT	Portugal	2	1	14	1	0	0
Νότης Μαριάς, Ανεξάρτητος Ευρωβουλευτής		337788662974718	Facebook	u	unknown	PT	Portugal	1	1	13	2	0	0
My H20n		409665236257906	Facebook	u	unknown	PT	Portugal	10	1	13	0	1	0
The Mission		348625882662902	Facebook	u	unknown	PT	Portugal	1	1	13	2	0	0
Banque mondiale		155174084508744	Facebook	u	unknown	PT	Portugal	41	1	13	3	0	0
RoboMarkets - Global		588252871551498	Facebook	u	unknown	PT	Portugal	3	1	13	5	0	0
Altino Bessa		160754387425025	Facebook	u	unknown	PT	Portugal	1	1	13	6	0	0
António Leitão Amaro		455155351234809	Facebook	u	unknown	PT	Portugal	2	1	13	2	0	0
Bigwishboard		340454059914168	Facebook	u	unknown	PT	Portugal	15	1	13	0	0	0
Star’s Sanctuary		1383840965072022	Facebook	u	unknown	PT	Portugal	1	1	13	2	0	0
Wageningen University & Research		128618593840392	Facebook	u	unknown	PT	Portugal	1	1	13	2	0	0
5Pillars	5 Pillars	490858150969676	Facebook	u	unknown	PT	Portugal	2	1	13	6	0	0
Sumatran Orangutan Society (SOS)	Sumatran Orangutan Society	352804059518	Facebook	u	unknown	PT	Portugal	1	1	13	2	0	0
Mark Laguë Fine Art		292045894985614	Facebook	u	unknown	PT	Portugal	1	1	13	2	0	0
RIS - Socially RISponsible		378452422967331	Facebook	u	unknown	PT	Portugal	2	1	12	2	0	0
Les Enfants Créatifs By Human Society		647143909040616	Facebook	u	unknown	PT	Portugal	2	1	12	4	0	0
Liberal Democrats in Europe		301864619826688	Facebook	u	unknown	PT	Portugal	1	1	12	2	0	0
Liya Vegan		682566668770512	Facebook	u	unknown	PT	Portugal	1	1	12	2	0	0
Forma & Animus		342068819284274	Facebook	u	unknown	PT	Portugal	1	1	12	2	0	0
LIKE APP		272972103180159	Facebook	u	unknown	PT	Portugal	1	1	12	4	0	0
Teresa Damásio		288584951537061	Facebook	u	unknown	PT	Portugal	4	1	11	2	0	0
Vivero La Palmera		1794112947529259	Facebook	u	unknown	PT	Portugal	1	1	11	2	0	0
Babu		573932079385353	Facebook	u	unknown	PT	Portugal	1	1	11	0	1	0
Avanta Care Ltd.		577732148956414	Facebook	u	unknown	PT	Portugal	1	1	11	2	0	0
Tuunes		992176580926495	Facebook	u	unknown	PT	Portugal	4	1	11	4	0	0
Roma EuroGames 2019		533740653459100	Facebook	u	unknown	PT	Portugal	1	1	11	5	0	0
ITUC		20556338116	Facebook	u	unknown	PT	Portugal	1	1	11	5	0	0
Circling Europe		503234379789523	Facebook	u	unknown	PT	Portugal	1	1	11	2	0	0
Flora & Fauna		303798486465804	Facebook	u	unknown	PT	Portugal	9	1	10	1	0	0
A Crise dos Refugiados na Europa - La crisis de los refugiados en Europa		347614315961171	Facebook	u	unknown	PT	Portugal	1	1	10	2	0	0
Ozan Yanar		730847103593100	Facebook	u	unknown	PT	Portugal	2	1	10	2	0	0
José Pedro Reis - Historiador		1224510940981010	Facebook	u	unknown	PT	Portugal	1	1	10	2	0	0
Oceanic Global		866657050038456	Facebook	u	unknown	PT	Portugal	5	1	10	1	0	0
Journal des Français à l'étranger		1193690844094654	Facebook	u	unknown	PT	Portugal	2	1	10	5	0	0
Vinhos do Alentejo		133841579181	Facebook	u	unknown	PT	Portugal	1	1	10	0	1	0
Aquagri		829073103803741	Facebook	u	unknown	PT	Portugal	1	1	10	2	0	0
Marcelascheid		2329521603741304	Facebook	u	unknown	PT	Portugal	1	1	10	0	0	0
Brut UK		1629990253744016	Facebook	u	unknown	PT	Portugal	2	1	10	1	0	0
Open Society Foundations		18983389920	Facebook	u	unknown	PT	Portugal	4	1	9	1	0	0
SV4IE		2246467545588430	Facebook	u	unknown	PT	Portugal	1	1	9	4	0	0
AMBA - Associação de Moradores do Bairro das Amendoeiras		162332377147902	Facebook	u	unknown	PT	Portugal	1	1	9	1	0	0
IBERC		115477919005970	Facebook	u	unknown	PT	Portugal	1	1	9	1	0	0
Maria Café		207797265912	Facebook	u	unknown	PT	Portugal	1	1	9	1	0	0
Jah Happy Life		1744645559132653	Facebook	u	unknown	PT	Portugal	1	1	9	1	0	0
Núcleo PSD - Santa Marta de Portuzelo		288219998434888	Facebook	u	unknown	PT	Portugal	1	1	9	1	0	0
UltimasNoticias		247312979462583	Facebook	u	unknown	PT	Portugal	2	1	9	1	0	0
JSD Anadia		187773514580431	Facebook	u	unknown	PT	Portugal	1	1	9	0	0	0
Conferências de Valor APAH		179541892534579	Facebook	u	unknown	PT	Portugal	1	1	9	1	0	0
Goodnet | Gateway to Doing Good		148937085220380	Facebook	u	unknown	PT	Portugal	2	1	9	1	0	0
Regina Santana		762516257283759	Facebook	u	unknown	PT	Portugal	2	1	9	2	0	0
Stoke Travel		193334324519	Facebook	u	unknown	PT	Portugal	1	1	9	4	0	0
Harmony Earth		351621578298134	Facebook	u	unknown	PT	Portugal	1	1	9	1	0	0
Greenpeace Polska		32104614789	Facebook	u	unknown	PT	Portugal	14	1	8	4	0	0
Ciudadanos	Ciudadanos	74078667754	Facebook	u	unknown	PT	Portugal	119	1	8	2	0	0
Que cem flores desabrochem		525922814133831	Facebook	u	unknown	PT	Portugal	6	1	8	1	0	0
World Transformation Movement		372125409639	Facebook	u	unknown	PT	Portugal	2	1	8	1	0	0
De		341323433101265	Facebook	u	unknown	PT	Portugal	1	1	8	1	0	0
Minority SafePack		532492010145546	Facebook	u	unknown	PT	Portugal	6	1	8	1	0	0
Malavita Organizzata		1525732084178808	Facebook	u	unknown	PT	Portugal	1	1	8	1	0	0
The Economic Standard		392555198233906	Facebook	u	unknown	PT	Portugal	2	1	8	1	0	0
Hustle Ramen		448897585854828	Facebook	u	unknown	PT	Portugal	1	1	8	4	0	0
Karol Piacentini Atriz		1384466215202075	Facebook	u	unknown	PT	Portugal	4	1	8	1	0	0
SEAC scuba - snorkeling - freediving		110780655713826	Facebook	u	unknown	PT	Portugal	1	1	8	4	0	0
Tom Lantos Institute		201089673289502	Facebook	u	unknown	PT	Portugal	1	1	8	1	0	0
The Dolphin's Voice		374901615887979	Facebook	u	unknown	PT	Portugal	1	1	8	4	0	0
CFD Global España		2167739326805363	Facebook	u	unknown	PT	Portugal	1	1	8	1	0	0
Lovable Maria		1383369438587868	Facebook	u	unknown	PT	Portugal	1	1	8	1	0	0
Shunya ∆ssessoria Representação Fiscal		373351826777594	Facebook	u	unknown	PT	Portugal	1	1	8	1	0	0
Aliança - Distrito de Setúbal		1039034602942936	Facebook	u	unknown	PT	Portugal	1	1	8	1	0	0
Women, War & Peace | PBS	Peace is Loud	208504065850908	Facebook	u	unknown	PT	Portugal	1	1	8	4	0	0
StopActa2.Portugal		2017830035189473	Facebook	u	unknown	PT	Portugal	1	1	8	0	0	0
International Youth Tournament		379418062095133	Facebook	u	unknown	PT	Portugal	1	1	8	1	0	0
Hostelsclub		444410118962332	Facebook	u	unknown	PT	Portugal	2	1	8	1	0	0
Podemos	Unidas Podemos	269212336568846	Facebook	u	unknown	PT	Portugal	58	1	7	3	0	0
Sindicato de Estudantes		1802546073329836	Facebook	u	unknown	PT	Portugal	1	1	7	1	0	0
Partido Popular	Partido Popular	72249031214	Facebook	u	unknown	PT	Portugal	219	1	7	2	0	0
Matthias Mazur		578694572243499	Facebook	u	unknown	PT	Portugal	1	1	7	1	0	0
Melba Culp		902971599738051	Facebook	u	unknown	PT	Portugal	22	1	7	2	0	0
Asociatia Be You		450408968493285	Facebook	u	unknown	PT	Portugal	1	1	7	0	0	0
Ocean Witness		1260352987396236	Facebook	u	unknown	PT	Portugal	2	1	7	1	0	0
ForestComics		281125805936081	Facebook	u	unknown	PT	Portugal	3	1	7	1	0	0
γυρίζουμε		278308089460720	Facebook	u	unknown	PT	Portugal	6	1	7	3	0	0
Direito Comparado		1850018231926689	Facebook	u	unknown	PT	Portugal	1	1	7	0	0	0
CIRCUS-Create Change		288718615155061	Facebook	u	unknown	PT	Portugal	1	1	7	3	0	0
Vadim Rotari		516538278845787	Facebook	u	unknown	PT	Portugal	3	1	7	1	0	0
United States Holocaust Memorial Museum	the United States Holocaust Memorial Museum 	34362997676	Facebook	u	unknown	PT	Portugal	8	1	7	1	0	0
Zoeetoys		690269048038800	Facebook	u	unknown	PT	Portugal	11	1	7	0	0	0
Núcleo Antifascista de Braga		211011532758894	Facebook	u	unknown	PT	Portugal	1	1	7	1	0	0
I Hate Bernie Sanders		105344429817836	Facebook	u	unknown	PT	Portugal	1	1	7	3	0	0
Foodion - a community for culinary professionals		1740583586185504	Facebook	u	unknown	PT	Portugal	4	1	7	3	0	0
Social Plastic		486324651440186	Facebook	u	unknown	PT	Portugal	3	1	6	0	0	0
Get The Trolls Out		858018134275978	Facebook	u	unknown	PT	Portugal	1	1	6	3	0	0
S&P Global		112495188784373	Facebook	u	unknown	PT	Portugal	10	1	6	1	0	0
Quimera Alfarrabista		2112225622185562	Facebook	u	unknown	PT	Portugal	1	1	6	0	0	0
Francisco Mota		732285496890083	Facebook	u	unknown	PT	Portugal	1	1	6	1	0	0
eutopia		1407046686105940	Facebook	u	unknown	PT	Portugal	2	1	6	2	0	0
Exponea		437489159794764	Facebook	u	unknown	PT	Portugal	18	1	6	0	0	0
Bruno Ferreira - Sim, Mondim de Basto		373938609449326	Facebook	u	unknown	PT	Portugal	1	1	6	1	0	0
LANG		300117257365907	Facebook	u	unknown	PT	Portugal	2	1	6	0	0	0
Mackwoods Tea		892865974105443	Facebook	u	unknown	PT	Portugal	2	1	6	1	0	0
Edil Feal		756088961078089	Facebook	u	unknown	PT	Portugal	1	1	6	1	0	0
Quora em português		175560319732841	Facebook	u	unknown	PT	Portugal	1	1	6	1	0	0
Missions Ministry Non Profit Corporation		1809130139357131	Facebook	u	unknown	PT	Portugal	1	1	6	1	0	0
PSD Setúbal		571470469609561	Facebook	u	unknown	PT	Portugal	1	1	6	1	0	0
David Wood - Wood Art		682244418460283	Facebook	u	unknown	PT	Portugal	1	1	6	1	0	0
Trevo - Floresta, Agricultura e Ambiente, Lda		862624367199549	Facebook	u	unknown	PT	Portugal	1	1	6	1	0	0
Café Pequenino		1637581099841606	Facebook	u	unknown	PT	Portugal	1	1	6	1	0	0
Densah Implantología		530672130312808	Facebook	u	unknown	PT	Portugal	1	1	6	0	0	0
Dance Style Club		261095573990882	Facebook	u	unknown	PT	Portugal	1	1	6	0	0	0
Sempre Avanti - Europa per Giachetti Ascani		536620483519486	Facebook	u	unknown	PT	Portugal	1	1	6	1	0	0
Global Investments - Real Estate		743034529413104	Facebook	u	unknown	PT	Portugal	2	1	6	1	0	0
2uhot		438915289946804	Facebook	u	unknown	PT	Portugal	4	1	6	2	0	0
Culture Concepts		2014883275418790	Facebook	u	unknown	PT	Portugal	18	1	6	1	0	0
Quotes		1881150392198555	Facebook	u	unknown	PT	Portugal	2	1	6	2	0	0
USR Diaspora	Uniunea Salvați România - USR	1793510380925494	Facebook	u	unknown	PT	Portugal	3	1	5	2	0	0
ΝΕΑ ΔΗΜΟΚΡΑΤΙΑ	ΝΕΑ ΔΗΜΟΚΡΑΤΙΑ	82362291274	Facebook	u	unknown	PT	Portugal	5	1	5	2	0	0
Toronto Fish Save		1366206933422868	Facebook	u	unknown	PT	Portugal	1	1	5	0	0	0
Bianca Santos		516231365493393	Facebook	u	unknown	PT	Portugal	1	1	5	1	0	0
Vítor Amaral		615438468635519	Facebook	u	unknown	PT	Portugal	2	1	5	0	0	0
EUJS - European Union of Jewish Students		389574965144	Facebook	u	unknown	PT	Portugal	2	1	5	0	0	0
Milaap		315603771494	Facebook	u	unknown	PT	Portugal	16	1	5	1	0	0
Oceans' Alarm - Who Cares?		2127835870816161	Facebook	u	unknown	PT	Portugal	2	1	5	0	0	0
Argyll and Bute Netball		576165149110053	Facebook	u	unknown	PT	Portugal	1	1	5	0	0	0
Oyster Yachts		111829077934	Facebook	u	unknown	PT	Portugal	1	1	5	2	0	0
mimOOkids - Green Fashion for Small and Independent kids		2263303917279468	Facebook	u	unknown	PT	Portugal	2	1	5	2	0	0
agora42		251280515702	Facebook	u	unknown	PT	Portugal	2	1	5	2	0	0
BrightThis		1783515391737857	Facebook	u	unknown	PT	Portugal	1	1	5	1	0	0
Diário de uma Ansiosa		586995695075230	Facebook	u	unknown	PT	Portugal	1	1	5	1	0	0
Fair Transport Europe		888757291197988	Facebook	u	unknown	PT	Portugal	1	1	5	2	0	0
Pirate Parties International		152709151422154	Facebook	u	unknown	PT	Portugal	1	1	5	2	0	0
CPCJCaminha		1526020334384723	Facebook	u	unknown	PT	Portugal	1	1	5	1	0	0
AP - Criação e Consultoria de Moda		352494718286992	Facebook	u	unknown	PT	Portugal	2	1	5	1	0	0
Gul Ahmed		312754697664	Facebook	u	unknown	PT	Portugal	4	1	5	2	0	0
Harvard Business Review		10423517786	Facebook	u	unknown	PT	Portugal	5	1	5	1	0	0
Columbia University in the City of New York		102471088936	Facebook	u	unknown	PT	Portugal	2	1	5	2	0	0
Mailman	Jamie Stanley	107431219296437	Facebook	u	unknown	PT	Portugal	1	1	5	2	0	0
GadgetWorlds		1379943465439410	Facebook	u	unknown	PT	Portugal	9	1	5	0	0	0
Kokoomus	Kokoomus	201285237101	Facebook	u	unknown	PT	Portugal	1	1	4	0	0	0
Evarvest		727603137362203	Facebook	u	unknown	PT	Portugal	1	1	4	0	0	0
Montijo Primeiro		242827966601919	Facebook	u	unknown	PT	Portugal	1	1	4	0	0	0
Evig Grön		201581136991713	Facebook	u	unknown	PT	Portugal	1	1	4	0	0	0
José Ribeiro e Castro		127437908871	Facebook	u	unknown	PT	Portugal	1	1	4	0	0	0
Oficinas do Bairro		2245567805716931	Facebook	u	unknown	PT	Portugal	1	1	4	0	0	0
GAF - Gabinete de Atendimento à Família		164368557482	Facebook	u	unknown	PT	Portugal	1	1	4	0	0	0
PuraVida		323745651773052	Facebook	u	unknown	PT	Portugal	1	1	4	0	0	0
zoey		286596791994217	Facebook	u	unknown	PT	Portugal	1	1	4	0	0	0
Her Dream House		259685668305729	Facebook	u	unknown	PT	Portugal	4	1	4	0	0	0
Fauna Marin Corals		137683832948693	Facebook	u	unknown	PT	Portugal	1	1	4	2	0	0
Liberal Party of Canada | Parti libéral du Canada		60266912006	Facebook	u	unknown	PT	Portugal	10	1	4	0	0	0
Le 1		850828794934579	Facebook	u	unknown	PT	Portugal	2	1	4	2	0	0
SBS Australia		68043178685	Facebook	u	unknown	PT	Portugal	1	1	4	2	0	0
BuzzTimes		414931412026426	Facebook	u	unknown	PT	Portugal	1	1	4	0	0	0
Avon Worldwide		216741958412414	Facebook	u	unknown	PT	Portugal	1	1	4	2	0	0
Lap - Find Family & Friends		254495005225189	Facebook	u	unknown	PT	Portugal	2	1	4	1	0	0
Ocean Helper	Ocean Helper	1060676230675361	Facebook	u	unknown	PT	Portugal	1	1	4	0	0	0
Andreas Schieder	SPÖ	290881691011354	Facebook	u	unknown	PT	Portugal	3	1	3	0	0	0
Brazil Forum		1723511201224009	Facebook	u	unknown	PT	Portugal	1	1	3	0	0	0
Alentejo - ASSIM NÃO		258052838229579	Facebook	u	unknown	PT	Portugal	1	1	3	0	0	0
Best Tech Crowdfunding Videos		615071652029076	Facebook	u	unknown	PT	Portugal	8	1	3	0	0	0
Un país moderno	Unidas Podemos	577723459314066	Facebook	u	unknown	PT	Portugal	28	1	3	1	0	0
Aliança Açores		361578891262274	Facebook	u	unknown	PT	Portugal	2	1	3	0	0	0
Alpine Garden Society		239451772739772	Facebook	u	unknown	PT	Portugal	1	1	3	1	0	0
Voices for Refugees - أصوات لأجل اللاجئين		1601274913421469	Facebook	u	unknown	PT	Portugal	12	1	3	0	0	0
Hippie Freaks - Amzitee		1939985326124908	Facebook	u	unknown	PT	Portugal	5	1	3	0	0	0
Ayn Rand Institute		64676229680	Facebook	u	unknown	PT	Portugal	1	1	3	1	0	0
Tendere - Pesquisa de Tendências e Soluções Criativas		204586562900494	Facebook	u	unknown	PT	Portugal	1	1	3	0	0	0
Robert Schuman Centre for Advanced Studies		176582089060752	Facebook	u	unknown	PT	Portugal	1	1	3	0	0	0
We Love Fishing		173268786636636	Facebook	u	unknown	PT	Portugal	3	1	3	0	0	0
Òmnium Cultural		161916260510295	Facebook	u	unknown	PT	Portugal	5	1	3	1	0	0
Kaunas Cultural Centre of Various Nations		633513786731961	Facebook	u	unknown	PT	Portugal	1	1	3	0	0	0
Juventude Popular de Cascais		204660056250754	Facebook	u	unknown	PT	Portugal	1	1	3	0	0	0
Lula LIVRE & Dilma JA		624434927601286	Facebook	u	unknown	PT	Portugal	1	1	3	0	0	0
Centro Internacional sobre o Envelhecimento		1999167233689177	Facebook	u	unknown	PT	Portugal	1	1	3	0	0	0
Bluewave Studio		374825599652907	Facebook	u	unknown	PT	Portugal	1	1	3	1	0	0
Hugo Ferrinho Lopes 2019		429530637789894	Facebook	u	unknown	PT	Portugal	1	1	3	0	0	0
Le Courrier d'Europe centrale		387639116472	Facebook	u	unknown	PT	Portugal	1	1	3	0	0	0
WorldSkills		47491585219	Facebook	u	unknown	PT	Portugal	1	1	3	0	0	0
Smart Water Magazine		634705100258374	Facebook	u	unknown	PT	Portugal	2	1	3	1	0	0
Arcticus		1963942027266663	Facebook	u	unknown	PT	Portugal	1	1	3	1	0	0
Let's Shop		232205540763784	Facebook	u	unknown	PT	Portugal	5	1	3	0	0	0
garagErasmus Foundation		126673650730964	Facebook	u	unknown	PT	Portugal	1	1	3	0	0	0
Dean Graziosi		17457692073	Facebook	u	unknown	PT	Portugal	1	1	3	1	0	0
Wantsrneeds		246346592579702	Facebook	u	unknown	PT	Portugal	9	1	3	1	0	0
PES Group in the European Committee of the Regions		320487834694421	Facebook	u	unknown	PT	Portugal	1	1	3	0	0	0
UB40		267046415289	Facebook	u	unknown	PT	Portugal	1	1	3	1	0	0
Beddr		710673582448543	Facebook	u	unknown	PT	Portugal	1	1	3	0	0	0
Trending Today		311683089314196	Facebook	u	unknown	PT	Portugal	3	1	3	0	0	0
Accademia Perosi		355899761109377	Facebook	u	unknown	PT	Portugal	6	1	3	0	0	0
Delphinus		20411877802	Facebook	u	unknown	PT	Portugal	5	1	3	1	0	0
Professor  Alberto Testa	Alberto Testa	1899667790263172	Facebook	u	unknown	PT	Portugal	1	1	2	0	0	0
Biophenix		955436344602994	Facebook	u	unknown	PT	Portugal	1	1	2	0	0	0
مفوضية اللاجئين		188842724507690	Facebook	u	unknown	PT	Portugal	23	1	2	0	0	0
Miyinla		833383303686540	Facebook	u	unknown	PT	Portugal	9	1	2	0	0	0
Master Chef Universal		279581679340572	Facebook	u	unknown	PT	Portugal	6	1	2	0	0	0
Guitar Lovers		203855170399686	Facebook	u	unknown	PT	Portugal	2	1	2	0	0	0
Lucia Zakopčanová		526876627767557	Facebook	u	unknown	PT	Portugal	1	1	2	0	0	0
KRETA design		209726079658396	Facebook	u	unknown	PT	Portugal	1	1	2	0	0	0
♤♧BOTCHY♧♤		353439831803607	Facebook	u	unknown	PT	Portugal	1	1	2	0	0	0
Hippie Souls - Amzitee		350097562443914	Facebook	u	unknown	PT	Portugal	10	1	2	0	0	0
Fuguero		2278393708878170	Facebook	u	unknown	PT	Portugal	1	1	2	1	0	0
Vicenza Pride		208758469330868	Facebook	u	unknown	PT	Portugal	1	1	2	0	0	0
Plataforma Justiça Fiscal		139891406054767	Facebook	u	unknown	PT	Portugal	1	1	2	0	0	0
Official: Uppsala Reggae Festival		754081171435181	Facebook	u	unknown	PT	Portugal	1	1	2	0	0	0
Repression In Paradise - Venezuelan Documentary	Alving Garcia	1313923788706996	Facebook	u	unknown	PT	Portugal	3	1	2	0	0	0
Laser Training Cabarete		225846664167204	Facebook	u	unknown	PT	Portugal	1	1	2	1	0	0
misterb&b		206250622847748	Facebook	u	unknown	PT	Portugal	1	1	2	0	0	0
The Devotion Project		197737256951709	Facebook	u	unknown	PT	Portugal	1	1	2	1	0	0
Ativa 21		1666258470132423	Facebook	u	unknown	PT	Portugal	1	1	2	0	0	0
Auzillao-Clothing		789837658081619	Facebook	u	unknown	PT	Portugal	1	1	2	0	0	0
Lighthouse Distribution		471339869727986	Facebook	u	unknown	PT	Portugal	1	1	2	0	0	0
eq.eco		1316308285142040	Facebook	u	unknown	PT	Portugal	6	1	2	1	0	0
Hungary Today		1514921332061615	Facebook	u	unknown	PT	Portugal	5	1	2	0	0	0
PSD Monção		1438912389767269	Facebook	u	unknown	PT	Portugal	1	1	2	0	0	0
Georges.tech		297216183943797	Facebook	u	unknown	PT	Portugal	3	1	2	0	0	0
Liberalist International Association		356741228182930	Facebook	u	unknown	PT	Portugal	1	1	2	0	0	0
Prizeo		378378255568881	Facebook	u	unknown	PT	Portugal	7	1	2	0	0	0
Amália Afonso •		530567520687968	Facebook	u	unknown	PT	Portugal	1	1	2	0	0	0
Save the Blue Heart of Europe		248254568685368	Facebook	u	unknown	PT	Portugal	1	1	2	1	0	0
Farmácia Graciosa		809767769152386	Facebook	u	unknown	PT	Portugal	1	1	2	0	0	0
Clínica de Psicologia - Dr. Filipe Nunes Ribeiro		1551887481780608	Facebook	u	unknown	PT	Portugal	1	1	2	0	0	0
Hacker Security		331942600163939	Facebook	u	unknown	PT	Portugal	1	1	2	0	0	0
TransformingTransport		1635700990066863	Facebook	u	unknown	PT	Portugal	1	1	2	0	0	0
International Growth Centre	London School of Economics and Political Science	121645431208100	Facebook	u	unknown	PT	Portugal	1	1	2	0	0	0
SAGE Publishing		121340691244235	Facebook	u	unknown	PT	Portugal	1	1	2	0	0	0
Meraki Hair Salon		1774401482582344	Facebook	u	unknown	PT	Portugal	2	1	2	0	0	0
Intercultural Cities / Cités interculturelles		278032492222816	Facebook	u	unknown	PT	Portugal	1	1	2	0	0	0
Low-tech Magazine		152332238178200	Facebook	u	unknown	PT	Portugal	1	1	2	0	0	0
Égard Watch Company		285409498185123	Facebook	u	unknown	PT	Portugal	4	1	2	0	0	0
Apps for life		735756143429544	Facebook	u	unknown	PT	Portugal	1	1	2	0	0	0
Vegas Live Community		1024725667661429	Facebook	u	unknown	PT	Portugal	1	1	2	1	0	0
Pan African Music		1601147136871482	Facebook	u	unknown	PT	Portugal	1	1	2	0	0	0
Gazeta Wyborcza		63563473556	Facebook	u	unknown	PT	Portugal	12	1	1	0	0	0
Jo Leinen		290293517710818	Facebook	u	unknown	PT	Portugal	1	1	1	0	0	0
Academic Stories		1462157503898233	Facebook	u	unknown	PT	Portugal	2	1	1	0	0	0
Beijing Tourism		442672999178128	Facebook	u	unknown	PT	Portugal	1	1	1	0	0	0
Save the Children España	Save the Children España	57845333112	Facebook	u	unknown	PT	Portugal	2	1	1	0	0	0
Better Straw		333257970712936	Facebook	u	unknown	PT	Portugal	2	1	1	0	0	0
Wasabi Technologies Inc.		1909620995946675	Facebook	u	unknown	PT	Portugal	1	1	1	0	0	0
Gay Unicorn		384962335426136	Facebook	u	unknown	PT	Portugal	1	1	1	0	0	0
Dicas Infalíveis		2159263180801230	Facebook	u	unknown	PT	Portugal	1	1	1	0	0	0
Seredeverser		1097092630498079	Facebook	u	unknown	PT	Portugal	1	1	1	0	0	0
Ambassador of Islam		2121543634600149	Facebook	u	unknown	PT	Portugal	1	1	1	0	0	0
ONE		11055104471	Facebook	u	unknown	PT	Portugal	1	1	1	0	0	0
Bestforyou6		2234509846791274	Facebook	u	unknown	PT	Portugal	1	1	1	0	0	0
Lettuce Networks		323302384460728	Facebook	u	unknown	PT	Portugal	6	1	1	0	0	0
TRT World		1559901027613381	Facebook	u	unknown	PT	Portugal	4	1	1	0	0	0
Great		267772723892978	Facebook	u	unknown	PT	Portugal	1	1	1	0	0	0
Gary Vaynerchuk		51535068349	Facebook	u	unknown	PT	Portugal	1	1	1	0	0	0
Heroes Comics		2170951436494322	Facebook	u	unknown	PT	Portugal	2	1	1	0	0	0
Dansk Flygtningehjælp		116227401722605	Facebook	u	unknown	PT	Portugal	1	1	1	0	0	0
China Xinhua News		338109312883186	Facebook	u	unknown	PT	Portugal	2	1	1	0	0	0
Young Europe is Voting		2185639191504586	Facebook	u	unknown	PT	Portugal	2	1	1	0	0	0
The Correspondents		72941256522	Facebook	u	unknown	PT	Portugal	1	1	1	0	0	0
Helping Hands for Underprivileged Schools		354530518737402	Facebook	u	unknown	PT	Portugal	1	1	1	0	0	0
Travel Daily		132340116827664	Facebook	u	unknown	PT	Portugal	2	1	1	0	0	0
Another Level Store		293935854572585	Facebook	u	unknown	PT	Portugal	10	1	1	0	0	0
Hippie Life - Hippieoutfit4u		423296574881621	Facebook	u	unknown	PT	Portugal	2	1	1	0	0	0
Daniel C Juster Official		199307546902179	Facebook	u	unknown	PT	Portugal	1	1	1	0	0	0
The Horan Group		251468828333874	Facebook	u	unknown	PT	Portugal	2	1	1	0	0	0
Nepal Calls You		646561229070643	Facebook	u	unknown	PT	Portugal	1	1	1	0	0	0
SISTERAY		339421886151497	Facebook	u	unknown	PT	Portugal	1	1	1	0	0	0
Brazen Bohemian		414462109310299	Facebook	u	unknown	PT	Portugal	1	1	1	0	0	0
Drapers		16353661166	Facebook	u	unknown	PT	Portugal	1	1	1	0	0	0
The Medicine Maker		691120650947453	Facebook	u	unknown	PT	Portugal	1	1	1	0	0	0
CanadaVisa.com - Campbell Cohen Canadian Immigration Law Firm		104102576882	Facebook	u	unknown	PT	Portugal	1	1	1	0	0	0
eToro		105255116217636	Facebook	u	unknown	PT	Portugal	2	1	1	0	0	0
Pop Trash Inc.		347523108751462	Facebook	u	unknown	PT	Portugal	3	1	1	0	0	0
Justin Trudeau		21751825648	Facebook	u	unknown	PT	Portugal	5	1	1	0	0	0
Bambooker		2338157079737961	Facebook	u	unknown	PT	Portugal	1	1	1	0	0	0
Liberty and Independence Forever		801478413551420	Facebook	u	unknown	PT	Portugal	1	1	1	0	0	0
Master Magnets Ltd		315842291798657	Facebook	u	unknown	PT	Portugal	1	1	1	0	0	0
Portugal design		633883560373720	Facebook	u	unknown	PT	Portugal	1	1	1	0	0	0
Oxeani		816436858688112	Facebook	u	unknown	PT	Portugal	1	1	1	0	0	0
SolarWinds MSP		679260062113046	Facebook	u	unknown	PT	Portugal	3	1	1	0	0	0
Bundesliga Official		207360136376916	Facebook	u	unknown	PT	Portugal	1	1	1	0	0	0
Mylivn		744076292339057	Facebook	u	unknown	PT	Portugal	1	1	1	0	0	0
Ecocity World Summit 2019		1998748213742008	Facebook	u	unknown	PT	Portugal	2	1	1	0	0	0
Santa Mística Esotérica		102795643567716	Facebook	u	unknown	PT	Portugal	1	1	1	0	0	0
Psicóloga Joyce Souza Rosa		1969904273253604	Facebook	u	unknown	PT	Portugal	1	1	1	0	0	0
Comme Avant		816074091903635	Facebook	u	unknown	PT	Portugal	1	1	1	0	0	0
Mb decoracionyforja		516276318382685	Facebook	u	unknown	PT	Portugal	1	1	1	0	0	0
Matt Wilson		247888188644456	Facebook	u	unknown	PT	Portugal	7	1	1	0	0	0
Homaly Gift		372226786888864	Facebook	u	unknown	PT	Portugal	4	1	1	0	0	0
Lope De Aguirre Productions		382404075827196	Facebook	u	unknown	PT	Portugal	1	1	1	0	0	0
David Stephen Patterson		255774634874100	Facebook	u	unknown	PT	Portugal	8	1	1	0	0	0
Rock Legend		186760725333439	Facebook	u	unknown	PT	Portugal	1	1	1	0	0	0
All Passport Cover		1659280077503769	Facebook	u	unknown	PT	Portugal	4	1	1	0	0	0
Ruptly		552738918075145	Facebook	u	unknown	PT	Portugal	1	1	1	0	0	0
TAKEN BY SURPRISE RECORDS		171760112965	Facebook	u	unknown	PT	Portugal	1	1	1	0	0	0
Assets For Life		1536572196655036	Facebook	u	unknown	PT	Portugal	3	1	1	0	0	0
ViEUws		117994898215654	Facebook	u	unknown	PT	Portugal	1	1	1	0	0	0
The Freeing Energy Project		164660287630560	Facebook	u	unknown	PT	Portugal	10	1	1	0	0	0
Revista QB		1908798559359662	Facebook	u	unknown	PT	Portugal	1	1	1	0	0	0
Раймонд Кальюлайд	Raimond Kaljulaid	1535510530084119	Facebook	u	unknown	PT	Portugal	1	1	0	0	0	0
Simona Petrík SPOLU - občianska demokracia	Hudáčková Silvia	132353247111236	Facebook	u	unknown	PT	Portugal	3	1	0	0	0	0
Lucia Kleštincová	EUpositive.sk	1933440166748185	Facebook	u	unknown	PT	Portugal	1	1	0	0	0	0
Karoline Edtstadler	Salzburger Volkspartei	1580540041983231	Facebook	u	unknown	PT	Portugal	3	1	0	0	0	0
Maroš Šefčovič		245361515516655	Facebook	u	unknown	PT	Portugal	3	1	0	0	0	0
Guillermo Fernández Vara	Guillermo Fernández Vara	56504926071	Facebook	u	unknown	PT	Portugal	1	1	0	0	0	0
Disabled Lives Matter	Craig Chant	195394467932052	Facebook	u	unknown	PT	Portugal	1	1	0	0	0	0
Kyriakos Mitsotakis		34848567724	Facebook	u	unknown	PT	Portugal	1	1	0	0	0	0
Pinksixty	Leeze Lawrence	108182029247820	Facebook	u	unknown	PT	Portugal	2	1	0	0	0	0
Zora Jaurová • Progresívne Slovensko		267456060571592	Facebook	u	unknown	PT	Portugal	1	1	0	0	0	0
Traian Băsescu	Partidul Mișcarea Populară	361235817223309	Facebook	u	unknown	PT	Portugal	1	1	0	0	0	0
EU Internet Safety		452725722160880	Facebook	u	unknown	PT	Portugal	1	1	0	0	0	0
Naomi Reniuț-Ursoiu	Uniunea Salvați România	708334336169853	Facebook	u	unknown	PT	Portugal	2	1	0	0	0	0
Sci Ani		1177000815657627	Facebook	u	unknown	PT	Portugal	2	1	0	0	0	0
Plan International España	Jose Manuel Bran Garcia	366619768708	Facebook	u	unknown	PT	Portugal	1	1	0	0	0	0
AGACAD Tools4Revit		112782242126020	Facebook	u	unknown	PT	Portugal	1	1	0	0	0	0
Bildungsverein der KPÖ Steiermark		124940167578420	Facebook	u	unknown	PT	Portugal	1	1	0	0	0	0
Partido Por un Mundo más Justo · M+J	Partido Por un Mundo más Justo · M+J	147468905314265	Facebook	u	unknown	PT	Portugal	1	1	0	0	0	0
Progresívne Slovensko	Progresívne Slovensko	557862947737785	Facebook	u	unknown	PT	Portugal	2	1	0	0	0	0
Il Primato Nazionale	Il Primato Nazionale	587689174620699	Facebook	u	unknown	PT	Portugal	1	1	0	0	0	0
Hans Maes		1181238155301995	Facebook	u	unknown	PT	Portugal	1	1	0	0	0	0
The Bellas		395502277694859	Facebook	u	unknown	PT	Portugal	3	1	0	0	0	0
Belqees.Rights		1755506971413470	Facebook	u	unknown	PT	Portugal	1	1	0	0	0	0
Fundación Anesvad	Jose Manuel Bran Garcia	131231529742	Facebook	u	unknown	PT	Portugal	3	1	0	0	0	0
Acamar Analysis and Consulting		192597328320978	Facebook	u	unknown	PT	Portugal	1	1	0	0	0	0
Eestimaa Rohelised		109605679062900	Facebook	u	unknown	PT	Portugal	1	1	0	0	0	0
Aphra Brandreth	The Conservative Party	1208239832675737	Facebook	u	unknown	PT	Portugal	1	1	0	0	0	0
Tropic Hotspot		593374494481641	Facebook	u	unknown	PT	Portugal	1	1	0	0	0	0
Partido por la Igualdad Real		1981091215462211	Facebook	u	unknown	PT	Portugal	1	1	0	0	0	0
Whimsy Shops		2249890101944751	Facebook	u	unknown	PT	Portugal	10	1	0	0	0	0
ВОЛЯ - Българските Родолюбци		317433685633688	Facebook	u	unknown	PT	Portugal	1	1	0	0	0	0
Human Rights Tattoo		245416135560300	Facebook	u	unknown	PT	Portugal	1	1	0	0	0	0
Ingredientes que Suman		586540488142205	Facebook	u	unknown	PT	Portugal	2	1	0	0	0	0
Abdur-Raheem McCarthy (عبدالرحيم مكارثي)	One Ummah	163303980381013	Facebook	u	unknown	PT	Portugal	1	1	0	0	0	0
HiBAR		1365639006845101	Facebook	u	unknown	PT	Portugal	1	1	0	0	0	0
BNG - Bloque Nacionalista Galego	Bloque Nacionalista Galego	128341470548824	Facebook	u	unknown	PT	Portugal	4	1	0	0	0	0
Orbex		1415953441956155	Facebook	u	unknown	PT	Portugal	2	1	0	0	0	0
Minnesota House DFL Campaign	the DFL House Caucus, 255 East Plato Blvd, Saint Paul, MN 55107.	405346683155169	Facebook	u	unknown	PT	Portugal	1	1	0	0	0	0
Routledge Politics, IR and Strategic Studies		59321208735	Facebook	u	unknown	PT	Portugal	1	1	0	0	0	0
Rising Sun Prints		1802639043135242	Facebook	u	unknown	PT	Portugal	1	1	0	0	0	0
PROGRESĪVIE		184096511636333	Facebook	u	unknown	PT	Portugal	1	1	0	0	0	0
Wedonthavetime.org		1374925102519271	Facebook	u	unknown	PT	Portugal	1	1	0	0	0	0
Shurat HaDin - Israel Law Center		709491732434343	Facebook	u	unknown	PT	Portugal	2	1	0	0	0	0
Alex and Lexie		132502374364146	Facebook	u	unknown	PT	Portugal	2	1	0	0	0	0
Condemi Assessoria		272214807015186	Facebook	u	unknown	PT	Portugal	1	1	0	0	0	0
The New Humanitarian		49134323939	Facebook	u	unknown	PT	Portugal	1	1	0	0	0	0
Alejandro García Orta	Huelva haciendo historia	401946993719566	Facebook	u	unknown	PT	Portugal	1	1	0	0	0	0
PNL Diaspora		215610252346661	Facebook	u	unknown	PT	Portugal	2	1	0	0	0	0
Irene Montero	Unidas Podemos	699285113542248	Facebook	u	unknown	PT	Portugal	1	1	0	0	0	0
ALL in Trade Limited		142945342429470	Facebook	u	unknown	PT	Portugal	1	1	0	0	0	0
www.capital.gr		186848962521	Facebook	u	unknown	PT	Portugal	1	1	0	0	0	0
Gift & Love		415157892375529	Facebook	u	unknown	PT	Portugal	2	1	0	0	0	0
Fred Keller	Fred Keller for Congress	738334159900733	Facebook	u	unknown	PT	Portugal	2	1	0	0	0	0
Gazeta.pl		56246989582	Facebook	u	unknown	PT	Portugal	2	1	0	0	0	0
Ayuda LGTB		315021912539118	Facebook	u	unknown	PT	Portugal	6	1	0	0	0	0
My Pride Wear		1084277381757746	Facebook	u	unknown	PT	Portugal	2	1	0	0	0	0
Stephen Webster		237837336581	Facebook	u	unknown	PT	Portugal	2	1	0	0	0	0
RefugiadosSOS		550220551831041	Facebook	u	unknown	PT	Portugal	1	1	0	0	0	0
Chlorine Dreams		851653188322930	Facebook	u	unknown	PT	Portugal	1	1	0	0	0	0
Raben Group		246227514204	Facebook	u	unknown	PT	Portugal	1	1	0	0	0	0
Accor Group		199246838845	Facebook	u	unknown	PT	Portugal	1	1	0	0	0	0
Νέα Πολιτική Κίνημα Δημοκρατικής Κοινωνικής Αναθέσμισης		312869456190675	Facebook	u	unknown	PT	Portugal	2	1	0	0	0	0
Straw Of Steel		2304645696263363	Facebook	u	unknown	PT	Portugal	4	1	0	0	0	0
Wefail.art		151397582449049	Facebook	u	unknown	PT	Portugal	1	1	0	0	0	0
Méditenfleurs		422152764616642	Facebook	u	unknown	PT	Portugal	1	1	0	0	0	0
Brushboo		452100531798227	Facebook	u	unknown	PT	Portugal	4	1	0	0	0	0
Stop AAAS Ro		1640996242671731	Facebook	u	unknown	PT	Portugal	1	1	0	0	0	0
Nerdoterapia		539673996426644	Facebook	u	unknown	PT	Portugal	1	1	0	0	0	0
Mariya Zasadniy		151719942210163	Facebook	u	unknown	PT	Portugal	1	1	0	0	0	0
AxiTrader		246531992036010	Facebook	u	unknown	PT	Portugal	1	1	0	0	0	0
The Nail Lab		329918521268699	Facebook	u	unknown	PT	Portugal	1	1	0	0	0	0
Russian International Affairs Council		203870889756783	Facebook	u	unknown	PT	Portugal	1	1	0	0	0	0
Una vida justa		135377137243586	Facebook	u	unknown	PT	Portugal	1	1	0	0	0	0
Oxfam Intermón		20108693880	Facebook	u	unknown	PT	Portugal	1	1	0	0	0	0
Mary Beth West		92056987706	Facebook	u	unknown	PT	Portugal	1	1	0	0	0	0
Green Monkey		124292808167707	Facebook	u	unknown	PT	Portugal	1	1	0	0	0	0
Carolina Pereira		290791768033074	Facebook	u	unknown	PT	Portugal	2	1	0	0	0	0
Fort Financial Services		1504287049805893	Facebook	u	unknown	PT	Portugal	1	1	0	0	0	0
Mudjer Research Network		321483535128785	Facebook	u	unknown	PT	Portugal	2	1	0	0	0	0
Giving Brush		1945237355733646	Facebook	u	unknown	PT	Portugal	3	1	0	0	0	0
ArT-CLIC		792807861092293	Facebook	u	unknown	PT	Portugal	2	1	0	0	0	0
Protege tu ropa		347783716078080	Facebook	u	unknown	PT	Portugal	2	1	0	0	0	0
Beiranews		180209611811	Facebook	u	unknown	PT	Portugal	1	1	0	0	0	0
Moniteur Automobile		148722088488665	Facebook	u	unknown	PT	Portugal	3	1	0	0	0	0
Basmah		137973986840264	Facebook	u	unknown	PT	Portugal	1	1	0	0	0	0
Adelante Huelva		209852049618243	Facebook	u	unknown	PT	Portugal	1	1	0	0	0	0
Amnistía Internacional España		78151799929	Facebook	u	unknown	PT	Portugal	3	1	0	0	0	0
Christof Catlin		694707690602444	Facebook	u	unknown	PT	Portugal	1	1	0	0	0	0
Kardinal Christoph Schönborn		377374578988880	Facebook	u	unknown	PT	Portugal	1	1	0	0	0	0
Covestro		150793518281117	Facebook	u	unknown	PT	Portugal	1	1	0	0	0	0
Comics Heroes		161871388087090	Facebook	u	unknown	PT	Portugal	1	1	0	0	0	0
Ustinoff ART		371233050332751	Facebook	u	unknown	PT	Portugal	1	1	0	0	0	0
Muros que falam		375126516671182	Facebook	u	unknown	PT	Portugal	1	1	0	0	0	0
Socialter		121693529673	Facebook	u	unknown	PT	Portugal	2	1	0	0	0	0
EuroCité		108751529173000	Facebook	u	unknown	PT	Portugal	1	1	0	0	0	0
Breathe Clean		2051823008444265	Facebook	u	unknown	PT	Portugal	1	1	0	0	0	0
The Rotten Fruit Box		1754120378229176	Facebook	u	unknown	PT	Portugal	1	1	0	0	0	0
Acácia Cidadania -Consultora Cristina		219737975241477	Facebook	u	unknown	PT	Portugal	1	1	0	0	0	0
The Muslim Vibe		307180642770277	Facebook	u	unknown	PT	Portugal	1	1	0	0	0	0
Московский Центр Карнеги		110622705645966	Facebook	u	unknown	PT	Portugal	2	1	0	0	0	0
KidsRights		130369030334301	Facebook	u	unknown	PT	Portugal	1	1	0	0	0	0
Le Frasi più belle del Socialismo Vero		143945018983775	Facebook	u	unknown	PT	Portugal	2	1	0	0	0	0
Responses to the NZ Mosque attacks		2259704507429425	Facebook	u	unknown	PT	Portugal	2	1	0	0	0	0
Misspachamama		183586102359578	Facebook	u	unknown	PT	Portugal	1	1	0	0	0	0
LQi - Migration Consulting		322919004407534	Facebook	u	unknown	PT	Portugal	1	1	0	0	0	0
Pablo Lapi  - Human Rights		160375627311304	Facebook	u	unknown	PT	Portugal	2	1	0	0	0	0
Tecendo Textos		412496502859713	Facebook	u	unknown	PT	Portugal	1	1	0	0	0	0
The Crazy James		168496573263730	Facebook	u	unknown	PT	Portugal	1	1	0	0	0	0
pro aurum Kilchberg ZH		258246284700914	Facebook	u	unknown	PT	Portugal	3	1	0	0	0	0
Tilburg University		157338687652903	Facebook	u	unknown	PT	Portugal	1	1	0	0	0	0
Break The Machine Ltd		455248978191768	Facebook	u	unknown	PT	Portugal	1	1	0	0	0	0
Tanel Jäppinen		2109572339365575	Facebook	u	unknown	PT	Portugal	1	1	0	0	0	0
Task Force Contre l'Antisémitisme		1680652255497041	Facebook	u	unknown	PT	Portugal	12	1	0	0	0	0
TVP Polonia		105123379552892	Facebook	u	unknown	PT	Portugal	1	1	0	0	0	0
Stop Cambio Climático		124967441456981	Facebook	u	unknown	PT	Portugal	3	1	0	0	0	0
REHAU España: Diseño, confort y eficiencia energética en el hogar		131193813582445	Facebook	u	unknown	PT	Portugal	1	1	0	0	0	0
AlternaWeb		1928282787425397	Facebook	u	unknown	PT	Portugal	1	1	0	0	0	0
Θανάσης Αθανασίου		879510899046674	Facebook	u	unknown	PT	Portugal	1	1	0	0	0	0
Cumplemania		1587215338004802	Facebook	u	unknown	PT	Portugal	1	1	0	0	0	0
New Church Of Christ		2092774617605722	Facebook	u	unknown	PT	Portugal	1	1	0	0	0	0
Greyhound cafe		68799690218	Facebook	u	unknown	PT	Portugal	1	1	0	0	0	0
Kalitravel Fuerteventura senderismo y excursiones		1774151186154886	Facebook	u	unknown	PT	Portugal	1	1	0	0	0	0
African Union USA		507866149701811	Facebook	u	unknown	PT	Portugal	4	1	0	0	0	0
Interpeace		142776915827224	Facebook	u	unknown	PT	Portugal	1	1	0	0	0	0
Luis Eduardo Barón		257006854362832	Facebook	u	unknown	PT	Portugal	2	1	0	0	0	0
Middle East Monitor	Middle East Monitor	152879306925	Facebook	u	unknown	PT	Portugal	2	1	0	0	0	0
Awacer Tv		338347453659143	Facebook	u	unknown	PT	Portugal	1	1	0	0	0	0
24Bottles		126060760828576	Facebook	u	unknown	PT	Portugal	1	1	0	0	0	0
АллатРа ТВ		468944153190776	Facebook	u	unknown	PT	Portugal	15	1	0	0	0	0
D'água		430056144066505	Facebook	u	unknown	PT	Portugal	2	1	0	0	0	0
MATER Museoa		121199114615094	Facebook	u	unknown	PT	Portugal	2	1	0	0	0	0
Fabulous Babe		204679600414180	Facebook	u	unknown	PT	Portugal	2	1	0	0	0	0
Quizways		179822015921780	Facebook	u	unknown	PT	Portugal	1	1	0	0	0	0
ForLynx		677713332646131	Facebook	u	unknown	PT	Portugal	4	1	0	0	0	0
InformNapalm Español		786337958102774	Facebook	u	unknown	PT	Portugal	1	1	0	0	0	0
Harrison Young		695529727145429	Facebook	u	unknown	PT	Portugal	1	1	0	0	0	0
FOZ - Friends of Zion Museum		1589154051350606	Facebook	u	unknown	PT	Portugal	2	1	0	0	0	0
Scelta-service		274899976772703	Facebook	u	unknown	PT	Portugal	1	1	0	0	0	0
עו"ד ציון אמיר		292685258075575	Facebook	u	unknown	PT	Portugal	1	1	0	0	0	0
Tekoha		151941038832087	Facebook	u	unknown	PT	Portugal	1	1	0	0	0	0
Australian Academy of Science		346705712073633	Facebook	u	unknown	PT	Portugal	1	1	0	0	0	0
Mercedes Molero Rodríguez		155320088404259	Facebook	u	unknown	PT	Portugal	1	1	0	0	0	0
Seaqual Friends		2009782872619352	Facebook	u	unknown	PT	Portugal	2	1	0	0	0	0
Friends of the Earth International		12410115279	Facebook	u	unknown	PT	Portugal	1	1	0	0	0	0
Mind. UA		144958328899162	Facebook	u	unknown	PT	Portugal	1	1	0	0	0	0
საქართველოს აეროპორტების გაერთიანება  / United Airports of Georgia		203853409682617	Facebook	u	unknown	PT	Portugal	1	1	0	0	0	0
Oneheartone.love		651239795327497	Facebook	u	unknown	PT	Portugal	1	1	0	0	0	0
Tourista Thailand		1572346723074679	Facebook	u	unknown	PT	Portugal	1	1	0	0	0	0
Winderen - Innovative Equestrian Solutions		287898658300371	Facebook	u	unknown	PT	Portugal	1	1	0	0	0	0
Our Better World		287195427978924	Facebook	u	unknown	PT	Portugal	1	1	0	0	0	0
Orkidez Blueez Officiel		1476109372630355	Facebook	u	unknown	PT	Portugal	1	1	0	0	0	0
Riddle		382170295326783	Facebook	u	unknown	PT	Portugal	1	1	0	0	0	0
Världen Brinner		426871007523894	Facebook	u	unknown	PT	Portugal	1	1	0	0	0	0
Maria Preta Cartonera		786180185099527	Facebook	u	unknown	PT	Portugal	6	1	0	0	0	0
Karl Manuel Sarney Mponda		1610444762583169	Facebook	u	unknown	PT	Portugal	1	1	0	0	0	0
Your Everyday Korean		1446749008800347	Facebook	u	unknown	PT	Portugal	1	1	0	0	0	0
Dcoop		1913385982217337	Facebook	u	unknown	PT	Portugal	1	1	0	0	0	0
Yo reciclo vidrio, ¿y tú?		104690619568713	Facebook	u	unknown	PT	Portugal	1	1	0	0	0	0
Civil Liberties Union for Europe		1424938757739868	Facebook	u	unknown	PT	Portugal	1	1	0	0	0	0
Kerem Navot - Naboth’s Vineyard		666263786873603	Facebook	u	unknown	PT	Portugal	1	1	0	0	0	0
Comité international de la Croix-Rouge		540364216018969	Facebook	u	unknown	PT	Portugal	1	1	0	0	0	0
Quotidiano di Sicilia		212034775726	Facebook	u	unknown	PT	Portugal	1	1	0	0	0	0
Roar LK		233977750310900	Facebook	u	unknown	PT	Portugal	1	1	0	0	0	0
Equitable Futures		426317074840074	Facebook	u	unknown	PT	Portugal	1	1	0	0	0	0
Your Team Merchandise		328881877544155	Facebook	u	unknown	PT	Portugal	1	1	0	0	0	0
Freebiz Network		1962976357252246	Facebook	u	unknown	PT	Portugal	1	1	0	0	0	0
Passport, Immigration & Citizenship Agency, Jamaica		916817615020266	Facebook	u	unknown	PT	Portugal	1	1	0	0	0	0
Alascani Soluções Jurídicas		1110499008988010	Facebook	u	unknown	PT	Portugal	2	1	0	0	0	0
Shams - Pour la dépénalisation de l'homosexualité en Tunisie		309323135918006	Facebook	u	unknown	PT	Portugal	1	1	0	0	0	0
Daniele Cucinotta		1634379993264164	Facebook	u	unknown	PT	Portugal	1	1	0	0	0	0
Renova		1273421349403681	Facebook	u	unknown	PT	Portugal	1	1	0	0	0	0
Open Doors Deutschland		182704598535	Facebook	u	unknown	PT	Portugal	3	1	0	0	0	0
Giulio Fight Deportista		764567756960810	Facebook	u	unknown	PT	Portugal	1	1	0	0	0	0
LAiMER		605709906203262	Facebook	u	unknown	PT	Portugal	1	1	0	0	0	0
NEOS X - 10. Bundesland		613891652052880	Facebook	u	unknown	PT	Portugal	1	1	0	0	0	0
H2Oféminin		131324074189761	Facebook	u	unknown	PT	Portugal	1	1	0	0	0	0
Type & Translate		293843807996969	Facebook	u	unknown	PT	Portugal	1	1	0	0	0	0
Fundacion Sesgo		744846788868395	Facebook	u	unknown	PT	Portugal	1	1	0	0	0	0
katholisch.de		108851439196399	Facebook	u	unknown	PT	Portugal	1	1	0	0	0	0
ScienceDirect		1473969232915792	Facebook	u	unknown	PT	Portugal	2	1	0	0	0	0
Diana Rodriguez		569447409756653	Facebook	u	unknown	PT	Portugal	1	1	0	0	0	0
Página Indómita		827832653913821	Facebook	u	unknown	PT	Portugal	1	1	0	0	0	0
Scandinavian Enviro Systems		327110574829848	Facebook	u	unknown	PT	Portugal	4	1	0	0	0	0
��HELGA FÊTY OFICIAL��		848005518872672	Facebook	u	unknown	PT	Portugal	1	1	0	0	0	0
Dunya News Kharian		395682164348065	Facebook	u	unknown	PT	Portugal	1	1	0	0	0	0
ID - Budapest European Agora		552368215238645	Facebook	u	unknown	PT	Portugal	1	1	0	0	0	0
PREMIUM Berlin		184947725837	Facebook	u	unknown	PT	Portugal	1	1	0	0	0	0
Delena Formación		758604894158611	Facebook	u	unknown	PT	Portugal	1	1	0	0	0	0
Green Is The New Black		966031133504106	Facebook	u	unknown	PT	Portugal	1	1	0	0	0	0
Jorge Chaminé Baryton		1807738612865733	Facebook	u	unknown	PT	Portugal	1	1	0	0	0	0
آزادی		2225999294109545	Facebook	u	unknown	PT	Portugal	1	1	0	0	0	0
البنك الدولي		142329112477770	Facebook	u	unknown	PT	Portugal	1	1	0	0	0	0
GirlPower Football School		805084479546820	Facebook	u	unknown	PT	Portugal	1	1	0	0	0	0
Rajiv Malhotra		137726233047389	Facebook	u	unknown	PT	Portugal	1	1	0	0	0	0
Online Antisemitism Task Force		149290745229517	Facebook	u	unknown	PT	Portugal	3	1	0	0	0	0
Palestina LIVRE		1946901382201921	Facebook	u	unknown	PT	Portugal	1	1	0	0	0	0
Online Krebskongress		365969614129867	Facebook	u	unknown	PT	Portugal	1	1	0	0	0	0
Wood's Europe		524582920887170	Facebook	u	unknown	PT	Portugal	1	1	0	0	0	0
C B Videos		1268063233324622	Facebook	u	unknown	PT	Portugal	2	1	0	0	0	0
APMS Engineering		268331613219255	Facebook	u	unknown	PT	Portugal	1	1	0	0	0	0
Loriam Hekaterius		301932220436197	Facebook	u	unknown	PT	Portugal	1	1	0	0	0	0
Floating Worlds		567198960137074	Facebook	u	unknown	PT	Portugal	1	1	0	0	0	0
The Jerusalem Post / JPost.com		159050394216641	Facebook	u	unknown	PT	Portugal	2	1	0	0	0	0
Raseef22  رصيفــ22		359500190793796	Facebook	u	unknown	PT	Portugal	1	1	0	0	0	0
Canviem Santa Pola		594844753955044	Facebook	u	unknown	PT	Portugal	1	1	0	0	0	0
Auspicioso Acapela		238811269837647	Facebook	u	unknown	PT	Portugal	1	1	0	0	0	0
Marco Correia		549203188838430	Facebook	u	unknown	PT	Portugal	1	1	0	0	0	0
Ibiza Farm		1629229957352206	Facebook	u	unknown	PT	Portugal	1	1	0	0	0	0
Nature Tours of Yukon Inc.		112481622126075	Facebook	u	unknown	PT	Portugal	2	1	0	0	0	0
LIQUI MOLY		120751477970543	Facebook	u	unknown	PT	Portugal	1	1	0	0	0	0
CS Global Partners		227134147453528	Facebook	u	unknown	PT	Portugal	1	1	0	0	0	0
The WorldPost		70242384902	Facebook	u	unknown	PT	Portugal	3	1	0	0	0	0
Global Network for Advanced Management		402340073123304	Facebook	u	unknown	PT	Portugal	1	1	0	0	0	0
All Out		169042736456594	Facebook	u	unknown	PT	Portugal	1	1	0	0	0	0
Kale United		1797724283592895	Facebook	u	unknown	PT	Portugal	1	1	0	0	0	0
The Syria Campaign		607756062649744	Facebook	u	unknown	PT	Portugal	1	1	0	0	0	0
Chihuahua Books		254252425411331	Facebook	u	unknown	PT	Portugal	1	1	0	0	0	0
Tygodnik Powszechny		180185019111	Facebook	u	unknown	PT	Portugal	1	1	0	0	0	0
Invalibre by GEMMI Sarl		503265683426600	Facebook	u	unknown	PT	Portugal	1	1	0	0	0	0
Geneva International Centre for Justice		135800566582807	Facebook	u	unknown	PT	Portugal	1	1	0	0	0	0
Institute of Development Policy - Development Studies		84978528258	Facebook	u	unknown	PT	Portugal	1	1	0	0	0	0
Net-Rdc.com Concept		928131503927589	Facebook	u	unknown	PT	Portugal	1	1	0	0	0	0
European Transport Workers' Federation		129372794232499	Facebook	u	unknown	PT	Portugal	1	1	0	0	0	0
Roche Diabetes Care Italy		322615341469137	Facebook	u	unknown	PT	Portugal	1	1	0	0	0	0
Schwarzkopf Professional		150101695010185	Facebook	u	unknown	PT	Portugal	3	1	0	0	0	0
eToro		152479438248050	Facebook	u	unknown	PT	Portugal	1	1	0	0	0	0
I'm A Trucker		1481334625496045	Facebook	u	unknown	PT	Portugal	1	1	0	0	0	0
The Charity for Civil Servants		216978845071240	Facebook	u	unknown	PT	Portugal	4	1	0	0	0	0
Professionnelle#Marocain		118967455379727	Facebook	u	unknown	PT	Portugal	1	1	0	0	0	0
The New Arab	The New Arab	1426949024217365	Facebook	u	unknown	PT	Portugal	4	1	0	0	0	0
Stake experts		1002566926552419	Facebook	u	unknown	PT	Portugal	1	1	0	0	0	0
Online Lingo		558092914573994	Facebook	u	unknown	PT	Portugal	4	1	0	0	0	0
eToro		183379648361597	Facebook	u	unknown	PT	Portugal	1	1	0	0	0	0
University of East London Students' Union		425879357458219	Facebook	u	unknown	PT	Portugal	1	1	0	0	0	0
Pologize Fashion		274227073497806	Facebook	u	unknown	PT	Portugal	1	1	0	0	0	0
Racing cars		2081606795473440	Facebook	u	unknown	PT	Portugal	1	1	0	0	0	0
Newstag		1427831877472727	Facebook	u	unknown	PT	Portugal	1	1	0	0	0	0
I Love Police & Veterans		131581647631108	Facebook	u	unknown	PT	Portugal	1	1	0	0	0	0
Extremophile Pub		1698602293773036	Facebook	u	unknown	PT	Portugal	1	1	0	0	0	0
Florent Otis		391205107579061	Facebook	u	unknown	PT	Portugal	1	1	0	0	0	0
Canal Os Austríacos		554999598321326	Facebook	u	unknown	PT	Portugal	1	1	0	0	0	0
Green Remodeled		2313279118900261	Facebook	u	unknown	PT	Portugal	1	1	0	0	0	0
Research Outreach		984203991753488	Facebook	u	unknown	PT	Portugal	1	1	0	0	0	0
Erntekunststoffe Recycling Deutschland ERDE		769565186388057	Facebook	u	unknown	PT	Portugal	2	1	0	0	0	0
GearSqad		547777032313859	Facebook	u	unknown	PT	Portugal	1	1	0	0	0	0
Ronin Deals		2101086449967298	Facebook	u	unknown	PT	Portugal	1	1	0	0	0	0
National Sikh Campaign		217137015152702	Facebook	u	unknown	PT	Portugal	1	1	0	0	0	0
Feel Festival		549915321685864	Facebook	u	unknown	PT	Portugal	1	1	0	0	0	0
Cero Residuo		190847155015247	Facebook	u	unknown	PT	Portugal	1	1	0	0	0	0
Ritual		457175417640208	Facebook	u	unknown	PT	Portugal	2	1	0	0	0	0
Alain Elkann Interviews		636915803053282	Facebook	u	unknown	PT	Portugal	1	1	0	0	0	0
The Daily Conservative		313207176053230	Facebook	u	unknown	PT	Portugal	2	1	0	0	0	0
Anna Moskalkova. Fotografía Creativa.		1437979383085892	Facebook	u	unknown	PT	Portugal	2	1	0	0	0	0
Lifestyle Living by Kristina Horning, Realtor		620683444647747	Facebook	u	unknown	PT	Portugal	1	1	0	0	0	0
myESR		54736937938	Facebook	u	unknown	PT	Portugal	1	1	0	0	0	0
WWF-Brasil		7970426802	Facebook	u	unknown	PT	Portugal	6	1	0	0	0	0
eToro		116862535169054	Facebook	u	unknown	PT	Portugal	2	1	0	0	0	0
Smart Energy TV		223797847633003	Facebook	u	unknown	PT	Portugal	1	1	0	0	0	0
Watch The Med - Alarmphone		1525906057683632	Facebook	u	unknown	PT	Portugal	1	1	0	0	0	0
Airinum		867962259958927	Facebook	u	unknown	PT	Portugal	3	1	0	0	0	0
Pug Förlag		1613873465607597	Facebook	u	unknown	PT	Portugal	1	1	0	0	0	0
Rise for Climate Belgium: Citizen Mobilization to save Humanity		458512257969541	Facebook	u	unknown	PT	Portugal	2	1	0	0	0	0
Cris de Tao		1619125751644861	Facebook	u	unknown	PT	Portugal	1	1	0	0	0	0
Dorje Shugden		124479407593558	Facebook	u	unknown	PT	Portugal	2	1	0	0	0	0
Diplomacy24		2104452919786255	Facebook	u	unknown	PT	Portugal	1	1	0	0	0	0
Mulheres Mãos na Massa		1266183266846547	Facebook	u	unknown	PT	Portugal	1	1	0	0	0	0
링글 Ringle		839106849540081	Facebook	u	unknown	PT	Portugal	1	1	0	0	0	0
Comunicação Não-violenta		580970085376612	Facebook	u	unknown	PT	Portugal	1	1	0	0	0	0
Eric Demers Photo		159610404175195	Facebook	u	unknown	PT	Portugal	1	1	0	0	0	0
Centro Islâmico no Brasil		117709898298921	Facebook	u	unknown	PT	Portugal	1	1	0	0	0	0
SURITT		282162018872506	Facebook	u	unknown	PT	Portugal	1	1	0	0	0	0
Lazymind		171688163240460	Facebook	u	unknown	PT	Portugal	1	1	0	0	0	0
ÀTerra		429051294134717	Facebook	u	unknown	PT	Portugal	1	1	0	0	0	0
Not enough		1807843692790617	Facebook	u	unknown	PT	Portugal	3	1	0	0	0	0
Istituto Hoffman		381220528560860	Facebook	u	unknown	PT	Portugal	1	1	0	0	0	0
Global Cause	Mediaplanet	312250336311238	Facebook	u	unknown	PT	Portugal	1	1	0	0	0	0
Il patto tradito - Ermanno Giudici		275492319185010	Facebook	u	unknown	PT	Portugal	1	1	0	0	0	0
Instituto Rodrigo Mendes		147673065320368	Facebook	u	unknown	PT	Portugal	1	1	0	0	0	0
Reflexõescristãs.com		183847045078844	Facebook	u	unknown	PT	Portugal	1	1	0	0	0	0
Joel Erway		248070895357097	Facebook	u	unknown	PT	Portugal	3	1	0	0	0	0
TreeHouse Supply		397480990659846	Facebook	u	unknown	PT	Portugal	1	1	0	0	0	0
Serendeep		354759095044155	Facebook	u	unknown	PT	Portugal	1	1	0	0	0	0
هوای پاک برای ایران  Clean Air For Iran		1577670342523543	Facebook	u	unknown	PT	Portugal	1	1	0	0	0	0
Maria Cecília Helal		685046275228712	Facebook	u	unknown	PT	Portugal	1	1	0	0	0	0
Migrant Roots Media		236595163810109	Facebook	u	unknown	PT	Portugal	1	1	0	0	0	0
Carnegie Planets		341313962740938	Facebook	u	unknown	PT	Portugal	1	1	0	0	0	0
Mary Kay Global		877398905678278	Facebook	u	unknown	PT	Portugal	1	1	0	0	0	0
Bella Kotak Photography		149029141801077	Facebook	u	unknown	PT	Portugal	1	1	0	0	0	0
Ridder		274461492577555	Facebook	u	unknown	PT	Portugal	1	1	0	0	0	0
iCrop - Gestão de Irrigação		196000337421963	Facebook	u	unknown	PT	Portugal	1	1	0	0	0	0
Gabi Iaccovazzo		205770303297920	Facebook	u	unknown	PT	Portugal	1	1	0	0	0	0
Неофициальная: блог		2729802457244261	Facebook	u	unknown	PT	Portugal	1	1	0	0	0	0
Contemporary And América Latina C&AL - Português		2015664268758402	Facebook	u	unknown	PT	Portugal	1	1	0	0	0	0
Reefscan		821097311239890	Facebook	u	unknown	PT	Portugal	1	1	0	0	0	0
Civitas Maxima		1397642550542919	Facebook	u	unknown	PT	Portugal	1	1	0	0	0	0
Stay Inn Hostel		241816352904837	Facebook	u	unknown	PT	Portugal	1	1	0	0	0	0
Democracia e Mundo do Trabalho em Debate		406152746125182	Facebook	u	unknown	PT	Portugal	1	1	0	0	0	0
YouNoodle		102678788085	Facebook	u	unknown	PT	Portugal	1	1	0	0	0	0
Kryptera.se		814674178566797	Facebook	u	unknown	PT	Portugal	1	1	0	0	0	0
Jumio		259216272113	Facebook	u	unknown	PT	Portugal	2	1	0	0	0	0
CEAR		169915749735403	Facebook	u	unknown	PT	Portugal	1	1	0	0	0	0
Transferencia24		306358726510977	Facebook	u	unknown	PT	Portugal	1	1	0	0	0	0
Kitabisa.com		1578259059082872	Facebook	u	unknown	PT	Portugal	1	1	0	0	0	0
Menzel İstanbul		1914926538820238	Facebook	u	unknown	PT	Portugal	1	1	0	0	0	0
Shopwoah		369904360221896	Facebook	u	unknown	PT	Portugal	6	1	0	0	0	0
Rutas de los andes		1078600055607267	Facebook	u	unknown	PT	Portugal	1	1	0	0	0	0
Simon Curtis - Labor candidate for La Trobe		374003772805719	Facebook	u	unknown	PT	Portugal	1	1	0	0	0	0
André Bradford		498004080715626	Facebook	u	unknown	PT	Portugal	1	1	0	0	0	0
Empreender Sem Fronteiras		145572599536268	Facebook	u	unknown	PT	Portugal	1	1	0	0	0	0
Академия Частного Инвестора / проект Андрея Ховратова		1341167019254839	Facebook	u	unknown	PT	Portugal	4	1	0	0	0	0
Высшая школа стилистики		203865566363088	Facebook	u	unknown	PT	Portugal	1	1	0	0	0	0
Echtscheiding van A tot Z		171441119552408	Facebook	u	unknown	PT	Portugal	2	1	0	0	0	0
Resonate Productions - musical journalism		1405480796154561	Facebook	u	unknown	PT	Portugal	2	1	0	0	0	0
International Panel of Parliamentarians for Freedom of Religion or Belief		1647745268803165	Facebook	u	unknown	PT	Portugal	1	1	0	0	0	0
Comitato Ventotene		512282875616533	Facebook	u	unknown	PT	Portugal	1	1	0	0	0	0
History Collection		291232054552141	Facebook	u	unknown	PT	Portugal	5	1	0	0	0	0
Andrew Zbik - Lane Cove - Labor		1599877663573922	Facebook	u	unknown	PT	Portugal	2	1	0	0	0	0
IFES - International Fellowship of Evangelical Students		96156071216	Facebook	u	unknown	PT	Portugal	1	1	0	0	0	0
Roposo - TV By The People		574950735891850	Facebook	u	unknown	PT	Portugal	1	1	0	0	0	0
Razvlekalovo		1676086822474842	Facebook	u	unknown	PT	Portugal	1	1	0	0	0	0
Kaar Kaas Sonn		215255338679306	Facebook	u	unknown	PT	Portugal	2	1	0	0	0	0
ADAR		175390195814995	Facebook	u	unknown	PT	Portugal	1	1	0	0	0	0
Gherson		422351344832507	Facebook	u	unknown	PT	Portugal	1	1	0	0	0	0
Nature Index		145327659223282	Facebook	u	unknown	PT	Portugal	2	1	0	0	0	0
Columbia Alumni Association		195421575197	Facebook	u	unknown	PT	Portugal	2	1	0	0	0	0
PLANADVISER		1825875921073929	Facebook	u	unknown	PT	Portugal	1	1	0	0	0	0
CEC European Managers		962505560483309	Facebook	u	unknown	PT	Portugal	1	1	0	0	0	0
COP23		1812087282376505	Facebook	u	unknown	PT	Portugal	1	1	0	0	0	0
Ведомости		184860593907	Facebook	u	unknown	PT	Portugal	1	1	0	0	0	0
Brasil Wire		809998509035047	Facebook	u	unknown	PT	Portugal	1	1	0	0	0	0
Asia Times		186423081422922	Facebook	u	unknown	PT	Portugal	3	1	0	0	0	0
HS – Helsingin Sanomat		7180412111	Facebook	u	unknown	PT	Portugal	1	1	0	0	0	0
Abdelilah Belouadi		271026136703440	Facebook	u	unknown	PT	Portugal	1	1	0	0	0	0
Solo Build It		1560111630973105	Facebook	u	unknown	PT	Portugal	1	1	0	0	0	0
Ilovemy.eu		524817944553979	Facebook	u	unknown	PT	Portugal	1	1	0	0	0	0
De Bijlesmeester		340562449310718	Facebook	u	unknown	PT	Portugal	1	1	0	0	0	0
Stonelineshop		325829824677604	Facebook	u	unknown	PT	Portugal	2	1	0	0	0	0
Commonlee		493432274485420	Facebook	u	unknown	PT	Portugal	3	1	0	0	0	0
Marketing Gem Device		216490342268201	Facebook	u	unknown	PT	Portugal	1	1	0	0	0	0
Grootbos Private Nature Reserve		120284091330969	Facebook	u	unknown	PT	Portugal	1	1	0	0	0	0
Sailing On A Dream	Sailing On A Dream	142467223232348	Facebook	u	unknown	PT	Portugal	1	1	0	0	0	0
Yujo teppanyaki & japanese food		518020511912629	Facebook	u	unknown	PT	Portugal	1	1	0	0	0	0
BonneGueule		140324089470	Facebook	u	unknown	PT	Portugal	1	1	0	0	0	0
Diem25.official		1556873704634276	Facebook	u	unknown	PT	Portugal	1	1	0	0	0	0
Finlow VVS A/S		198770727303156	Facebook	u	unknown	PT	Portugal	3	1	0	0	0	0
Arkadiusz Mężyk		558775330950505	Facebook	u	unknown	PT	Portugal	1	1	0	0	0	0
MrMugs		328655004399969	Facebook	u	unknown	PT	Portugal	2	1	0	0	0	0
Louder.me		216206948848368	Facebook	u	unknown	PT	Portugal	1	1	0	0	0	0
Конгрессно-Выставочная Компания «Империя»		203407713030445	Facebook	u	unknown	PT	Portugal	3	1	0	0	0	0
Thos Memes		2318165035081740	Facebook	u	unknown	PT	Portugal	1	1	0	0	0	0
CEO Standard		511296119250139	Facebook	u	unknown	PT	Portugal	1	1	0	0	0	0
Orjan Nilsen		271222143880	Facebook	u	unknown	PT	Portugal	2	1	0	0	0	0
Gênero e Homofobia na Educação		567962930001279	Facebook	u	unknown	PT	Portugal	1	1	0	0	0	0
Pocket Graffit		2113187182278229	Facebook	u	unknown	PT	Portugal	1	1	0	0	0	0
FS2C - Forense Computacional e Segurança Cibernética		1946375258746572	Facebook	u	unknown	PT	Portugal	1	1	0	0	0	0
MAHI Leather		814431575244405	Facebook	u	unknown	PT	Portugal	1	1	0	0	0	0
No Majesty		810642822326965	Facebook	u	unknown	PT	Portugal	1	1	0	0	0	0
Best Shopping Deals		519091928553063	Facebook	u	unknown	PT	Portugal	1	1	0	0	0	0
ScribersHive		722350287934296	Facebook	u	unknown	PT	Portugal	1	1	0	0	0	0
Nikkei Asian Review		204862942932993	Facebook	u	unknown	PT	Portugal	4	1	0	0	0	0
Marty Supply Co.		180223699572168	Facebook	u	unknown	PT	Portugal	4	1	0	0	0	0
Jo Briskey - Labor for Bonner		346496105793659	Facebook	u	unknown	PT	Portugal	1	1	0	0	0	0
Harry Singha		35219798715	Facebook	u	unknown	PT	Portugal	1	1	0	0	0	0
Tony Nader MD, PhD, MARR		1661762944080679	Facebook	u	unknown	PT	Portugal	1	1	0	0	0	0
Национальный расчетный депозитарий		195733663770542	Facebook	u	unknown	PT	Portugal	1	1	0	0	0	0
T one shirts		226601151545346	Facebook	u	unknown	PT	Portugal	1	1	0	0	0	0
Brut		1691667177798461	Facebook	u	unknown	PT	Portugal	1	1	0	0	0	0
大紀元&新唐人－舊金山（EpochTimes & NTDTV - San Francisco）		275715205937851	Facebook	u	unknown	PT	Portugal	1	1	0	0	0	0
Jeff Wan		308317802987822	Facebook	u	unknown	PT	Portugal	1	1	0	0	0	0
АТОН		269320383095938	Facebook	u	unknown	PT	Portugal	2	1	0	0	0	0
Pracuj w Unii		1436641159975378	Facebook	u	unknown	PT	Portugal	2	1	0	0	0	0
Ivoire Diaspora TV		183502285533821	Facebook	u	unknown	PT	Portugal	1	1	0	0	0	0
Quixote+Do Editoras Associadas		1302856779828977	Facebook	u	unknown	PT	Portugal	1	1	0	0	0	0
Cardozo School of Law		329418020548	Facebook	u	unknown	PT	Portugal	1	1	0	0	0	0
American Council for an Energy-Efficient Economy		67449893973	Facebook	u	unknown	PT	Portugal	1	1	0	0	0	0
Diem25 Italia		535094886695819	Facebook	u	unknown	PT	Portugal	1	1	0	0	0	0
Scholarships for International Students		143550215717842	Facebook	u	unknown	PT	Portugal	1	1	0	0	0	0
المُخَضرَمْ أبو الحَقْ		2028981030686185	Facebook	u	unknown	PT	Portugal	1	1	0	0	0	0
IMS ExpertServices		361300636117	Facebook	u	unknown	PT	Portugal	1	1	0	0	0	0
Ecoste		361324260625567	Facebook	u	unknown	PT	Portugal	1	1	0	0	0	0
David Snyder		281309231901094	Facebook	u	unknown	PT	Portugal	1	1	0	0	0	0
