gender_code_filter	gender_label_filter	country_code_filter	country_name_filter	advertiser_name	advertiser_disclosure	platform_advertiser_id	platform_name	ad_count	advertiser_count	high_impressions	low_impressions	high_spend	low_spend
m	male	BG	Bulgaria	European Parliament		178362315106	Facebook	52	1	2439820	1106161	4717	1107
m	male	BG	Bulgaria	Kialo		729627343834501	Facebook	256	1	1965803	763218	11092	2659
m	male	BG	Bulgaria	Демократична България	Демократична България	995342840629890	Facebook	35	1	1573620	594049	3434	457
m	male	BG	Bulgaria	Приоритети	БЗНС	1163987410423594	Facebook	56	1	678099	235980	2398	65
m	male	BG	Bulgaria	Крум Дончев/Krum Donchev		155516354469476	Facebook	8	1	624492	298585	505	0
m	male	BG	Bulgaria	ALDE Party – Liberals and Democrats for Europe		262681199589	Facebook	50	1	547806	221931	1768	357
m	male	BG	Bulgaria	Socialists and Democrats Group in the European Parliament		127925800618165	Facebook	51	1	513015	236054	1076	291
m	male	BG	Bulgaria	Valeri Simeonov		1967166133516609	Facebook	21	1	464621	108873	1549	0
m	male	BG	Bulgaria	EPP - European People's Party	EPP - European People's Party	48034275355	Facebook	25	1	450994	169699	1318	172
m	male	BG	Bulgaria	Стефан Тафров	Стефан Тафров	233810563693016	Facebook	39	1	434684	108898	1957	0
m	male	BG	Bulgaria	Volen Siderov		48268614826	Facebook	22	1	422750	92411	1287	0
m	male	BG	Bulgaria	Бареков и Байрактаров без цензура - ТВ предаване		405986069871245	Facebook	10	1	402610	139177	768	176
m	male	BG	Bulgaria	Лиляна Павлова	Лиляна Павлова	119576588238010	Facebook	24	1	346447	68765	1119	0
m	male	BG	Bulgaria	България на Труда и Разума - БТР		709384432421964	Facebook	9	1	305927	94926	628	47
m	male	BG	Bulgaria	Път на младите	Път на младите	2051476654950711	Facebook	16	1	269744	93395	947	107
m	male	BG	Bulgaria	ПП ГЕРБ - София		336639303182606	Facebook	1	1	267003	106801	237	47
m	male	BG	Bulgaria	European Greens	European Greens	141366725876424	Facebook	9	1	255557	113908	827	220
m	male	BG	Bulgaria	Партия на ЗЕЛЕНИТЕ	Mitrakiev Boyan	1438204226503681	Facebook	12	1	242321	51052	796	0
m	male	BG	Bulgaria	European Commission		107898832590939	Facebook	3	1	240826	120413	675	169
m	male	BG	Bulgaria	informo.bg	informo.bg	262524054082832	Facebook	6	1	214414	98766	431	60
m	male	BG	Bulgaria	Кристиян Шкварек	Oblakov Nikolay	651747871952382	Facebook	17	1	202677	48988	839	0
m	male	BG	Bulgaria	За Петър Чобанов	Chobanov Petar	762986410409232	Facebook	24	1	159095	36079	1059	0
m	male	BG	Bulgaria	Ангел Джамбазки	Войчин Мирчо	139581756144530	Facebook	9	1	150939	46225	442	0
m	male	BG	Bulgaria	EU Environment		305608429284	Facebook	2	1	137813	66239	662	128
m	male	BG	Bulgaria	Европейски парламент в България		163350039852	Facebook	1	1	128595	51438	1285	257
m	male	BG	Bulgaria	Greens/EFA in the European Parliament		150527751674751	Facebook	12	1	126321	52642	191	33
m	male	BG	Bulgaria	Arte		656089814494677	Facebook	6	1	119362	51099	287	45
m	male	BG	Bulgaria	Радан Кънев	Радан Кънев	1461853244069926	Facebook	8	1	103677	25134	397	0
m	male	BG	Bulgaria	Евро Ферт АД		271746059949890	Facebook	1	1	103066	51533	228	45
m	male	BG	Bulgaria	Ilhan Kyuchyuk	Ilhan Kyuchyuk	1637403469881344	Facebook	5	1	91913	18383	210	0
m	male	BG	Bulgaria	BRITA Bulgaria		1471240093191880	Facebook	1	1	85917	42959	42	0
m	male	BG	Bulgaria	Ваня Григорова - независим кандидат за евродепутат	Vanya Grigorova 	344617396401957	Facebook	4	1	85050	18635	211	0
m	male	BG	Bulgaria	DESIGNitsa - Дизайница		676082905766490	Facebook	10	1	78631	16847	506	0
m	male	BG	Bulgaria	сТУденти		710941585944818	Facebook	25	1	74704	21551	1558	0
m	male	BG	Bulgaria	Росен Богомилов	Ivanov Hristo	1183492355137046	Facebook	2	1	71500	35750	384	65
m	male	BG	Bulgaria	Консерваторъ	Oblakov Nikolay	1840027882991452	Facebook	4	1	63751	12750	189	0
m	male	BG	Bulgaria	Give A Vote		2186129244970085	Facebook	1	1	58008	23203	57	11
m	male	BG	Bulgaria	Карлос Контрера	Войчин Мирчо	734105799990582	Facebook	12	1	56205	12705	629	0
m	male	BG	Bulgaria	Center for European Integration Studies (ZEI)		144159745724379	Facebook	1	1	53974	26987	53	26
m	male	BG	Bulgaria	Фондация Българска Памет		540948509258655	Facebook	2	1	53652	20428	74	0
m	male	BG	Bulgaria	Кеворк Кеворкян		490656127781163	Facebook	1	1	50784	25392	44	0
m	male	BG	Bulgaria	ВОЛЯ - Българските Родолюбци		317433685633688	Facebook	2	1	45680	22840	67	0
m	male	BG	Bulgaria	GEYA   /  ГЕЯ  /		125015671491693	Facebook	1	1	45442	9088	80	0
m	male	BG	Bulgaria	Party of European Socialists	Party of European Socialists	148097975226385	Facebook	7	1	44242	16427	73	13
m	male	BG	Bulgaria	Stankov • Todorov • Hinkov & Spasov Attorneys-at-Law		1717626955134976	Facebook	2	1	41735	10366	121	0
m	male	BG	Bulgaria	Create.Refresh	Create.Refresh	1736881926615141	Facebook	4	1	39963	16628	108	16
m	male	BG	Bulgaria	Болници Medical Park		648144405325576	Facebook	2	1	39833	19917	62	0
m	male	BG	Bulgaria	European Youth Event		919232861444360	Facebook	4	1	38294	15434	60	21
m	male	BG	Bulgaria	ALDE Group – Liberals and Democrats in the European Parliament		123910440019	Facebook	3	1	36340	15336	45	7
m	male	BG	Bulgaria	One Billion Rising Bulgaria		579415982138368	Facebook	1	1	35329	7065	80	0
m	male	BG	Bulgaria	Да, Варна		1861176614159216	Facebook	1	1	33618	6723	59	0
m	male	BG	Bulgaria	Viasat Explore		552952714727440	Facebook	2	1	32300	6460	31	0
m	male	BG	Bulgaria	Борба за съществуване / Extinction Rebellion Bulgaria		2258761914367373	Facebook	1	1	31162	6232	71	0
m	male	BG	Bulgaria	Петър Клисаров		2041389956077700	Facebook	2	1	30893	6942	72	0
m	male	BG	Bulgaria	Guardian Weekly		64525551258	Facebook	8	1	30655	11599	51	11
m	male	BG	Bulgaria	JobRadar.BG		1753665731363354	Facebook	1	1	29477	5895	58	0
m	male	BG	Bulgaria	Цветан Гайд		1544953965731921	Facebook	1	1	29307	5861	51	0
m	male	BG	Bulgaria	TaxiMe		130743243729492	Facebook	1	1	27933	5586	49	0
m	male	BG	Bulgaria	Иво Пазарджиев		128221490865195	Facebook	12	1	26623	6666	454	0
m	male	BG	Bulgaria	Евродепутати ГЕРБ/ЕНП - България		939131839491362	Facebook	3	1	24961	4973	117	0
m	male	BG	Bulgaria	Венета Маджистрели - раз/ЛИЧНИЯТ избор за Европейски парламент 2019		436121407128896	Facebook	1	1	24756	4951	49	0
m	male	BG	Bulgaria	Gimme5EUblogs	City Eng	1704673382966894	Facebook	7	1	24226	9241	297	0
m	male	BG	Bulgaria	Europe Together		140105536131109	Facebook	1	1	23829	11914	119	23
m	male	BG	Bulgaria	National Geographic		257826487601111	Facebook	1	1	22523	4504	44	0
m	male	BG	Bulgaria	Не Бъди Посредствен		1805601139707511	Facebook	1	1	22220	4444	43	0
m	male	BG	Bulgaria	Cecilia Malmström		258966159416	Facebook	1	1	21357	8543	42	21
m	male	BG	Bulgaria	ETUC		129041250601685	Facebook	1	1	21020	10510	52	10
m	male	BG	Bulgaria	Debating Europe	Debating Europe	132011730204757	Facebook	3	1	20799	4160	41	0
m	male	BG	Bulgaria	Karaci Tours Medical		408232079212353	Facebook	1	1	19699	3939	34	0
m	male	BG	Bulgaria	مكتب المحاماة العربي في بلغاريا		468472296878922	Facebook	6	1	18997	8255	197	0
m	male	BG	Bulgaria	VOA - Глас на Америка		176413438620	Facebook	10	1	18709	8071	18	0
m	male	BG	Bulgaria	АБВ - Младежи		258397044345249	Facebook	10	1	18678	3291	546	0
m	male	BG	Bulgaria	Solar Impulse		187539851277198	Facebook	2	1	17204	6881	15	3
m	male	BG	Bulgaria	European Youth		130456876990360	Facebook	5	1	15101	7387	90	11
m	male	BG	Bulgaria	Game of Sultans		185311195624361	Facebook	6	1	15067	6424	254	50
m	male	BG	Bulgaria	Tuxy		870667836405958	Facebook	3	1	15022	6103	64	15
m	male	BG	Bulgaria	γυρίζουμε		278308089460720	Facebook	7	1	14290	6068	91	20
m	male	BG	Bulgaria	We Amplify		186008238755917	Facebook	4	1	13349	2669	31	0
m	male	BG	Bulgaria	Council of the European Union		147547541961576	Facebook	4	1	12927	6030	45	8
m	male	BG	Bulgaria	Animal Matters	Animal Matters	1439364926329185	Facebook	6	1	12856	4457	19	0
m	male	BG	Bulgaria	ΝΕΑ ΔΗΜΟΚΡΑΤΙΑ	ΝΕΑ ΔΗΜΟΚΡΑΤΙΑ	82362291274	Facebook	5	1	12851	5546	93	17
m	male	BG	Bulgaria	Alberto Alemanno		179635265973968	Facebook	2	1	12839	6016	14	0
m	male	BG	Bulgaria	eToro		193863317737	Facebook	17	1	12243	5611	25	5
m	male	BG	Bulgaria	Open Society Roma Initiatives		369567809754486	Facebook	1	1	12174	2434	24	0
m	male	BG	Bulgaria	Climate-KIC		403370709744295	Facebook	2	1	12059	5241	30	11
m	male	BG	Bulgaria	Avanta Care Ltd.		577732148956414	Facebook	1	1	11751	2350	26	0
m	male	BG	Bulgaria	The Good Lobby		1420129598280317	Facebook	10	1	11435	4074	28	0
m	male	BG	Bulgaria	Erasmus Student Network		25226723130	Facebook	2	1	11389	5694	6	1
m	male	BG	Bulgaria	OTS Solicitors		940549775965601	Facebook	1	1	11264	5632	12	0
m	male	BG	Bulgaria	UNICEF Europe & Central Asia		373536278864	Facebook	1	1	9818	3927	1	0
m	male	BG	Bulgaria	Kristian Vigenin / Кристиан Вигенин		229689447151510	Facebook	3	1	9538	3141	148	0
m	male	BG	Bulgaria	EEA and Norway Grants		70937137362	Facebook	1	1	9333	3733	1	0
m	male	BG	Bulgaria	Caritas Europa		190426711052241	Facebook	2	1	9246	1849	18	0
m	male	BG	Bulgaria	Atlantic Forum		616121875501729	Facebook	1	1	9022	1804	17	0
m	male	BG	Bulgaria	Ege Deniz Yolları		263618431233010	Facebook	1	1	8826	1765	13	2
m	male	BG	Bulgaria	Huawei Europe		1709278142683543	Facebook	1	1	8370	4185	4	0
m	male	BG	Bulgaria	Пряка демокрация (direct democracy) - правата и как да си ги вземем		240258259381838	Facebook	4	1	8241	1648	145	0
m	male	BG	Bulgaria	TODOROV-Imoteka Chaika	Todorov Sasho	573501706475405	Facebook	4	1	8157	2344	122	0
m	male	BG	Bulgaria	Идея за България/Idea for Bulgaria		185512961489408	Facebook	2	1	7876	3600	138	0
m	male	BG	Bulgaria	Pirate Parties International		152709151422154	Facebook	1	1	7720	3860	33	6
m	male	BG	Bulgaria	EPP Group in the European Committee of the Regions		200559876664896	Facebook	3	1	7340	1468	73	14
m	male	BG	Bulgaria	Stagg Music (official)		166644226724554	Facebook	1	1	6960	3480	17	3
m	male	BG	Bulgaria	Организация за защита на животните "Четири лапи"		144072035778	Facebook	12	1	6871	1681	267	0
m	male	BG	Bulgaria	За чиста София без изгаряне на отпадъци		381457052650856	Facebook	1	1	6642	3321	58	0
m	male	BG	Bulgaria	Искрен Веселинов		840508039323482	Facebook	1	1	6585	3293	65	0
m	male	BG	Bulgaria	Talking Europe		316028505828375	Facebook	2	1	6554	2123	5	0
m	male	BG	Bulgaria	Общество		211247363067771	Facebook	1	1	6435	3218	56	0
m	male	BG	Bulgaria	Nikola Apostolov		2236556403033849	Facebook	2	1	6432	2943	112	0
m	male	BG	Bulgaria	RSM MBA		110428762358678	Facebook	3	1	6299	2859	19	3
m	male	BG	Bulgaria	Красимир Каракачанов	Войчин Мирчо	239611712717792	Facebook	1	1	6278	3139	55	0
m	male	BG	Bulgaria	TaxEduportal		828411763950694	Facebook	1	1	5721	1144	11	0
m	male	BG	Bulgaria	Susan Mimram Author		260820654702075	Facebook	1	1	5717	2859	35	0
m	male	BG	Bulgaria	European Young Leaders - EYL40		227054030686626	Facebook	1	1	5696	1139	11	0
m	male	BG	Bulgaria	Europeana.eu		10261403667	Facebook	2	1	5605	2614	3	0
m	male	BG	Bulgaria	Dr. Hassan Mohsen Elhais		290561631132324	Facebook	1	1	5593	2796	3	0
m	male	BG	Bulgaria	LIKE APP		272972103180159	Facebook	1	1	5380	2152	4	0
m	male	BG	Bulgaria	European Commission - Development & Cooperation - EuropeAid		287842647957979	Facebook	7	1	5314	2058	3	0
m	male	BG	Bulgaria	Guardian B2B		452752128144314	Facebook	1	1	5303	2651	15	3
m	male	BG	Bulgaria	Melba Culp		902971599738051	Facebook	24	1	5302	1488	17	0
m	male	BG	Bulgaria	MasterClass		687589164666184	Facebook	3	1	5254	2627	23	4
m	male	BG	Bulgaria	Tunis Forum on Gender Equality		362993680952642	Facebook	1	1	5242	2621	2	0
m	male	BG	Bulgaria	RoboMarkets - Global		588252871551498	Facebook	5	1	5061	2424	23	0
m	male	BG	Bulgaria	OWTE Oil Limited		813090985707060	Facebook	2	1	4933	986	11	0
m	male	BG	Bulgaria	Юлиан Войнов / Julian Voynov		717089575014346	Facebook	1	1	4892	2446	43	0
m	male	BG	Bulgaria	AgroClub.bg		2341992705829624	Facebook	2	1	4892	857	144	0
m	male	BG	Bulgaria	Influxbelie		198219740878934	Facebook	1	1	4768	2384	42	0
m	male	BG	Bulgaria	Sustainability Times		214303005827359	Facebook	2	1	4666	2333	43	0
m	male	BG	Bulgaria	Save the Refugees		1931458237163388	Facebook	1	1	4648	1859	4	0
m	male	BG	Bulgaria	FT Content Solutions		1220981994590364	Facebook	3	1	4530	965	12	0
m	male	BG	Bulgaria	Criminal Gang		566094013748879	Facebook	1	1	4519	904	79	0
m	male	BG	Bulgaria	ПП ГЕРБ район "Овча купел"		1396481797058166	Facebook	1	1	4507	2254	39	0
m	male	BG	Bulgaria	Volt Europa		1739550549695812	Facebook	1	1	4498	2249	44	0
m	male	BG	Bulgaria	EURACTIV		15299247059	Facebook	5	1	4391	864	20	0
m	male	BG	Bulgaria	Партия КОД - Консервативно Обединение на Десницата		315771075734365	Facebook	2	1	4389	878	86	0
m	male	BG	Bulgaria	Foodpowerr		625107021262384	Facebook	4	1	4293	635	126	5
m	male	BG	Bulgaria	ЕКИП		216818831712803	Facebook	1	1	4257	851	75	0
m	male	BG	Bulgaria	Regiona BG		1459082564304109	Facebook	1	1	4167	2084	41	0
m	male	BG	Bulgaria	Емил А. Георгиев	Georgiev Emil	1228198117206814	Facebook	3	1	4045	577	172	0
m	male	BG	Bulgaria	Bologna Business School		32776988074	Facebook	3	1	4042	908	10	0
m	male	BG	Bulgaria	ПП АТАКА		243868101610	Facebook	2	1	3864	649	111	0
m	male	BG	Bulgaria	BonneGueule		140324089470	Facebook	4	1	3806	1829	18	3
m	male	BG	Bulgaria	АТОН		269320383095938	Facebook	2	1	3720	1860	25	5
m	male	BG	Bulgaria	East Meet East		565982140109779	Facebook	1	1	3706	1853	8	1
m	male	BG	Bulgaria	Николай Бареков		395397533901013	Facebook	1	1	3700	740	73	0
m	male	BG	Bulgaria	SEAC scuba - snorkeling - freediving		110780655713826	Facebook	1	1	3695	1847	3	0
m	male	BG	Bulgaria	Tuunes		992176580926495	Facebook	7	1	3673	926	19	0
m	male	BG	Bulgaria	LIBE		621624391301042	Facebook	1	1	3633	726	64	0
m	male	BG	Bulgaria	Mackwoods Tea		892865974105443	Facebook	2	1	3632	726	8	0
m	male	BG	Bulgaria	Last Stop Brexit		820489154977103	Facebook	1	1	3610	722	8	0
m	male	BG	Bulgaria	Stoke Travel		193334324519	Facebook	1	1	3579	1789	3	0
m	male	BG	Bulgaria	Волт България - Volt Bulgaria		109942849782729	Facebook	1	1	3573	714	70	0
m	male	BG	Bulgaria	Стефан Марков		1435581376738395	Facebook	1	1	3498	699	69	0
m	male	BG	Bulgaria	Донбас - в търсене на истината		591896517667687	Facebook	1	1	3487	697	61	0
m	male	BG	Bulgaria	Lomovera		134871259892580	Facebook	2	1	3396	1581	54	0
m	male	BG	Bulgaria	EPP Group in the European Parliament		291699857688	Facebook	3	1	3324	1658	10	1
m	male	BG	Bulgaria	World Youth Academy		155365641152627	Facebook	3	1	3300	660	6	0
m	male	BG	Bulgaria	EU Gateway Business Avenues		1878683232394649	Facebook	1	1	3246	649	6	0
m	male	BG	Bulgaria	ВМРО Горна Оряховица		245988949432379	Facebook	1	1	3136	1568	27	0
m	male	BG	Bulgaria	I Hate Bernie Sanders		105344429817836	Facebook	2	1	3098	1549	21	4
m	male	BG	Bulgaria	Index in English		1969401936694372	Facebook	1	1	3074	614	9	1
m	male	BG	Bulgaria	Любомира Ганчева	Gancheva Lyubomira	483954725396036	Facebook	7	1	3064	0	274	0
m	male	BG	Bulgaria	Димитър Данчев	Danchev Dimitar	143711812472902	Facebook	1	1	2993	598	59	0
m	male	BG	Bulgaria	Subpod		839183619577851	Facebook	4	1	2954	590	4	0
m	male	BG	Bulgaria	Stanford Graduate School of Business		208357009185713	Facebook	4	1	2902	580	5	0
m	male	BG	Bulgaria	DRH Lindersvold		512374155442078	Facebook	2	1	2884	574	3	0
m	male	BG	Bulgaria	Топ новината		1580544528624837	Facebook	1	1	2883	576	57	0
m	male	BG	Bulgaria	За Земята		404421529636122	Facebook	1	1	2867	573	56	0
m	male	BG	Bulgaria	ScienceDirect		1473969232915792	Facebook	2	1	2854	570	5	0
m	male	BG	Bulgaria	Multi Shop		202940193653053	Facebook	1	1	2847	1424	25	0
m	male	BG	Bulgaria	Brut UK		1629990253744016	Facebook	2	1	2696	538	5	0
m	male	BG	Bulgaria	Success Resources		550751965021284	Facebook	1	1	2687	537	31	6
m	male	BG	Bulgaria	MmosWorld		1262271977168621	Facebook	1	1	2671	1335	1	0
m	male	BG	Bulgaria	Национален младежки форум		230265673665280	Facebook	1	1	2618	523	51	0
m	male	BG	Bulgaria	Национален младежки клуб към ДСБ		422531091421366	Facebook	1	1	2552	510	45	0
m	male	BG	Bulgaria	Master Magnets Ltd		315842291798657	Facebook	1	1	2547	509	5	0
m	male	BG	Bulgaria	БОЕЦ - България Обединена с Една Цел		288489671319356	Facebook	1	1	2543	508	44	0
m	male	BG	Bulgaria	World Bank		153371894688575	Facebook	34	1	2522	1076	7	1
m	male	BG	Bulgaria	ITALIA - BULGARIA		272522526101684	Facebook	1	1	2467	493	48	0
m	male	BG	Bulgaria	Mint		1586969654915532	Facebook	1	1	2462	492	5	0
m	male	BG	Bulgaria	Недялко Недялков		333218484060022	Facebook	1	1	2424	485	42	0
m	male	BG	Bulgaria	Bulgaria ON AIR		162093640507120	Facebook	2	1	2423	362	96	0
m	male	BG	Bulgaria	Е-Магазинъ		339462690027669	Facebook	1	1	2421	1210	21	0
m	male	BG	Bulgaria	Silviya Damyanova		1525904544347381	Facebook	1	1	2408	481	42	0
m	male	BG	Bulgaria	World Jewish Congress		130945114804	Facebook	1	1	2392	1196	5	1
m	male	BG	Bulgaria	TopNovina		218608215380166	Facebook	1	1	2390	478	47	0
m	male	BG	Bulgaria	EU Citizens Alliance		1122069994636814	Facebook	3	1	2367	763	21	0
m	male	BG	Bulgaria	International Politics and Society		1591078677572315	Facebook	1	1	2328	465	4	0
m	male	BG	Bulgaria	Младежко ДПС Хасково		232928470449374	Facebook	1	1	2245	449	39	0
m	male	BG	Bulgaria	Get The Trolls Out		858018134275978	Facebook	1	1	2233	1116	9	1
m	male	BG	Bulgaria	NATO Strategic Communications Centre of Excellence		1456516717932002	Facebook	1	1	2227	1113	2	0
m	male	BG	Bulgaria	FontBundles.net		1653056048283270	Facebook	3	1	2212	969	11	2
m	male	BG	Bulgaria	JCI Europe		114921961919029	Facebook	1	1	2204	440	43	0
m	male	BG	Bulgaria	Proriott		3097198860306172	Facebook	2	1	2179	536	19	3
m	male	BG	Bulgaria	Северозападът ЗА Ангел Джамбазки		379244342921053	Facebook	1	1	2179	1089	19	0
m	male	BG	Bulgaria	Bar&Dinner Bali		692677637542890	Facebook	1	1	2159	431	42	0
m	male	BG	Bulgaria	Lisa's Law Solicitors	Lisa's Law Solicitors	739722549392872	Facebook	5	1	2131	655	4	0
m	male	BG	Bulgaria	On Your Sleeve	ON YOUR SLEEVE	247943179229148	Facebook	11	1	2129	744	3	0
m	male	BG	Bulgaria	Хотел "Бали & СПА"		1427433997531642	Facebook	1	1	2113	422	41	0
m	male	BG	Bulgaria	Collision Conf		205093963028353	Facebook	6	1	2092	443	28	1
m	male	BG	Bulgaria	Lupa.bg, Всеки ден		149445025120803	Facebook	1	1	2071	414	41	0
m	male	BG	Bulgaria	ВКД КОНСУЛТ		1497770957211468	Facebook	1	1	2054	411	36	0
m	male	BG	Bulgaria	Sample Market		504781446382209	Facebook	2	1	2052	410	8	0
m	male	BG	Bulgaria	Hertie School of Governance		10760031281	Facebook	1	1	2029	405	4	0
m	male	BG	Bulgaria	Fire Safe Europe - FSEU		238789186294640	Facebook	1	1	1967	393	3	0
m	male	BG	Bulgaria	GUE/NGL		164355333623231	Facebook	1	1	1934	967	9	1
m	male	BG	Bulgaria	Européens Sans Frontières		668031516635463	Facebook	8	1	1894	749	3	0
m	male	BG	Bulgaria	Hygea Water System		1585622941714076	Facebook	4	1	1878	185	110	0
m	male	BG	Bulgaria	Knauf Insulation Bulgaria		410761295683701	Facebook	1	1	1866	373	36	0
m	male	BG	Bulgaria	The Economic Standard		392555198233906	Facebook	2	1	1861	372	3	0
m	male	BG	Bulgaria	Le Monde		14892757589	Facebook	29	1	1858	736	5	0
m	male	BG	Bulgaria	Pop Trash Inc.		347523108751462	Facebook	3	1	1782	354	4	0
m	male	BG	Bulgaria	Lope De Aguirre Productions		382404075827196	Facebook	1	1	1773	354	3	0
m	male	BG	Bulgaria	Basmah		137973986840264	Facebook	8	1	1740	346	8	0
m	male	BG	Bulgaria	Hornet Plugins		150704545104271	Facebook	1	1	1695	339	3	0
m	male	BG	Bulgaria	The Correspondents		72941256522	Facebook	1	1	1586	317	36	0
m	male	BG	Bulgaria	Mark Laguë Fine Art		292045894985614	Facebook	1	1	1521	304	10	2
m	male	BG	Bulgaria	HILL International Bulgaria		235577253171934	Facebook	1	1	1518	303	30	0
m	male	BG	Bulgaria	HP Large Format Media		169820440552379	Facebook	1	1	1515	303	2	0
m	male	BG	Bulgaria	A Solution to Plastic Pollution - First International Online Summit		1098001547034272	Facebook	3	1	1484	296	20	1
m	male	BG	Bulgaria	Deutschland.de		31292782350	Facebook	11	1	1443	275	12	0
m	male	BG	Bulgaria	Council of Europe - Directorate General Human Rights and Rule of Law		315160671967064	Facebook	16	1	1440	295	41	0
m	male	BG	Bulgaria	IPPF European Network		1639235713010069	Facebook	1	1	1419	283	2	0
m	male	BG	Bulgaria	Égard Watch Company		285409498185123	Facebook	6	1	1419	283	25	0
m	male	BG	Bulgaria	Mailman	Jamie Stanley	107431219296437	Facebook	1	1	1362	681	1	0
m	male	BG	Bulgaria	Kai and Reef		220940452105669	Facebook	1	1	1354	677	1	0
m	male	BG	Bulgaria	Pracuj w Unii		1436641159975378	Facebook	2	1	1310	262	0	0
m	male	BG	Bulgaria	Fair Transport Europe		888757291197988	Facebook	1	1	1225	612	12	0
m	male	BG	Bulgaria	Pologize Fashion		274227073497806	Facebook	1	1	1216	608	10	5
m	male	BG	Bulgaria	Young Europe is Voting		2185639191504586	Facebook	2	1	1215	243	1	0
m	male	BG	Bulgaria	Helping Hands for Underprivileged Schools		354530518737402	Facebook	1	1	1206	241	2	0
m	male	BG	Bulgaria	Soviet Visuals		1160495674016675	Facebook	14	1	1184	248	6	0
m	male	BG	Bulgaria	GAîA		389280808172899	Facebook	1	1	1143	571	1	0
m	male	BG	Bulgaria	Roma EuroGames 2019		533740653459100	Facebook	1	1	1132	566	1	0
m	male	BG	Bulgaria	Ocean Witness		1260352987396236	Facebook	2	1	1128	225	5	0
m	male	BG	Bulgaria	The Munk Debates		259282224084288	Facebook	1	1	1122	224	1	0
m	male	BG	Bulgaria	Вдъхновените		515186808906514	Facebook	1	1	1104	552	10	0
m	male	BG	Bulgaria	Kaunas Cultural Centre of Various Nations		633513786731961	Facebook	1	1	1100	220	2	0
m	male	BG	Bulgaria	Not enough		1807843692790617	Facebook	3	1	1078	215	1	0
m	male	BG	Bulgaria	Accademia Perosi		355899761109377	Facebook	6	1	1064	178	34	0
m	male	BG	Bulgaria	China Xinhua News		338109312883186	Facebook	2	1	1028	473	0	0
m	male	BG	Bulgaria	Wasabi Technologies Inc.		1909620995946675	Facebook	1	1	1025	512	2	0
m	male	BG	Bulgaria	I Love Crowdfunding Projects		112683756154005	Facebook	5	1	1025	322	7	1
m	male	BG	Bulgaria	Petra De Sutter		372776579930604	Facebook	1	1	1019	509	5	1
m	male	BG	Bulgaria	World Food Programme		28312410177	Facebook	1	1	1013	202	1	0
m	male	BG	Bulgaria	Sumatran Orangutan Society (SOS)	Sumatran Orangutan Society	352804059518	Facebook	1	1	1002	200	2	0
m	male	BG	Bulgaria	Foodion - a community for culinary professionals		1740583586185504	Facebook	2	1	997	498	0	0
m	male	BG	Bulgaria	COP23		1812087282376505	Facebook	1	1	994	497	0	0
m	male	BG	Bulgaria	24novini.bg		184624895468213	Facebook	2	1	992	0	87	0
m	male	BG	Bulgaria	Ανεξάρτητοι 'Ελληνες	Start Business Hellas	343233902394715	Facebook	6	1	986	432	1	0
m	male	BG	Bulgaria	Nepal Calls You		646561229070643	Facebook	1	1	981	196	1	0
m	male	BG	Bulgaria	Your Team Merchandise		328881877544155	Facebook	1	1	975	487	8	0
m	male	BG	Bulgaria	Traxsource		67579939495	Facebook	3	1	963	191	2	0
m	male	BG	Bulgaria	Andrea Venzon		190415584911640	Facebook	1	1	956	478	8	0
m	male	BG	Bulgaria	Νέα Πολιτική Κίνημα Δημοκρατικής Κοινωνικής Αναθέσμισης		312869456190675	Facebook	2	1	950	230	2	0
m	male	BG	Bulgaria	Jo Leinen		290293517710818	Facebook	1	1	949	189	18	0
m	male	BG	Bulgaria	Vadim Rotari		516538278845787	Facebook	1	1	927	185	1	0
m	male	BG	Bulgaria	eutopia		1407046686105940	Facebook	3	1	883	441	0	0
m	male	BG	Bulgaria	Esri		211211155280	Facebook	3	1	871	203	3	0
m	male	BG	Bulgaria	Gaia		182073298490036	Facebook	4	1	870	365	7	2
m	male	BG	Bulgaria	Диетолог Запорожье		1972584409478751	Facebook	1	1	858	0	75	0
m	male	BG	Bulgaria	Minority SafePack		532492010145546	Facebook	7	1	836	188	3	0
m	male	BG	Bulgaria	ViEUws		117994898215654	Facebook	1	1	775	155	15	0
m	male	BG	Bulgaria	The big capitalist game		2034988140101939	Facebook	6	1	764	152	13	0
m	male	BG	Bulgaria	Пламена Заячка	Zayachka Plamena	265202954078265	Facebook	3	1	721	0	63	0
m	male	BG	Bulgaria	Break The Machine Ltd		455248978191768	Facebook	1	1	720	360	8	0
m	male	BG	Bulgaria	Wantsrneeds		246346592579702	Facebook	8	1	719	173	3	0
m	male	BG	Bulgaria	ITUC		20556338116	Facebook	1	1	713	356	0	0
m	male	BG	Bulgaria	ScribersHive		722350287934296	Facebook	1	1	694	347	0	0
m	male	BG	Bulgaria	ADF International		382186268590822	Facebook	1	1	682	273	1	0
m	male	BG	Bulgaria	Stephen Webster		237837336581	Facebook	2	1	676	269	0	0
m	male	BG	Bulgaria	RavenGrey		2422125708002014	Facebook	1	1	668	334	29	5
m	male	BG	Bulgaria	Convention on Elimination of all forms of Discrimination Against Men CEDAM		390422101527006	Facebook	1	1	662	132	11	0
m	male	BG	Bulgaria	The Freeing Energy Project		164660287630560	Facebook	12	1	655	241	1	0
m	male	BG	Bulgaria	garagErasmus Foundation		126673650730964	Facebook	1	1	649	129	1	0
m	male	BG	Bulgaria	Nikolai Nenchev		2294171434153478	Facebook	1	1	641	0	56	0
m	male	BG	Bulgaria	Rayse Project		2053944684895883	Facebook	2	1	622	0	61	0
m	male	BG	Bulgaria	Ilovemy.eu		524817944553979	Facebook	1	1	606	121	0	0
m	male	BG	Bulgaria	TRT World		1559901027613381	Facebook	4	1	589	276	0	0
m	male	BG	Bulgaria	Civil Liberties Union for Europe		1424938757739868	Facebook	1	1	586	117	11	0
m	male	BG	Bulgaria	Topnovini.bg		1448688418697634	Facebook	1	1	583	0	57	0
m	male	BG	Bulgaria	Василий Шифоростов		1202585476576021	Facebook	1	1	580	0	3	0
m	male	BG	Bulgaria	Soonfeed		214615931960850	Facebook	1	1	577	115	11	0
m	male	BG	Bulgaria	GearBest		624353394279966	Facebook	1	1	572	114	1	0
m	male	BG	Bulgaria	Banque mondiale		155174084508744	Facebook	43	1	570	195	3	0
m	male	BG	Bulgaria	Иван Димитров		483221428524537	Facebook	1	1	556	0	55	0
m	male	BG	Bulgaria	Европейска младежка карта EYC		227628280640960	Facebook	1	1	541	0	53	0
m	male	BG	Bulgaria	5Pillars	5 Pillars	490858150969676	Facebook	2	1	520	260	8	2
m	male	BG	Bulgaria	European Action Week Against Racism		1224138274394269	Facebook	1	1	519	103	1	0
m	male	BG	Bulgaria	Ayn Rand Institute		64676229680	Facebook	1	1	509	254	4	0
m	male	BG	Bulgaria	European Transport Workers' Federation		129372794232499	Facebook	1	1	502	100	9	0
m	male	BG	Bulgaria	Modius Health		1350510308330159	Facebook	2	1	495	246	5	0
m	male	BG	Bulgaria	THTC - The Hemp Trading Company		30239959348	Facebook	6	1	494	172	10	0
m	male	BG	Bulgaria	Treevotion		312276899356713	Facebook	8	1	470	131	0	0
m	male	BG	Bulgaria	Dean Graziosi		17457692073	Facebook	1	1	462	231	2	0
m	male	BG	Bulgaria	S&P Global		112495188784373	Facebook	10	1	454	101	1	0
m	male	BG	Bulgaria	Wholesome Culture		1664959567149320	Facebook	4	1	445	216	1	0
m	male	BG	Bulgaria	Open Society Foundations		18983389920	Facebook	5	1	429	75	11	0
m	male	BG	Bulgaria	Младежка ЛГБТ организация "Действие"		245822645027	Facebook	1	1	418	0	36	0
m	male	BG	Bulgaria	Women, War & Peace | PBS	Peace is Loud	208504065850908	Facebook	1	1	411	205	0	0
m	male	BG	Bulgaria	Eestimaa Rohelised		109605679062900	Facebook	1	1	408	81	0	0
m	male	BG	Bulgaria	Floating Worlds		567198960137074	Facebook	1	1	408	204	4	0
m	male	BG	Bulgaria	SV4IE		2246467545588430	Facebook	1	1	401	200	0	0
m	male	BG	Bulgaria	Ивайло Илиев - официална страница		833286300358158	Facebook	1	1	393	0	34	0
m	male	BG	Bulgaria	Chug Bottles		1781974005205686	Facebook	1	1	393	196	0	0
m	male	BG	Bulgaria	Equilibre des énergies		154645694605913	Facebook	1	1	391	78	3	0
m	male	BG	Bulgaria	Milaap		315603771494	Facebook	18	1	389	120	0	0
m	male	BG	Bulgaria	Responses to the NZ Mosque attacks		2259704507429425	Facebook	2	1	389	77	8	0
m	male	BG	Bulgaria	Orjan Nilsen		271222143880	Facebook	2	1	383	191	3	0
m	male	BG	Bulgaria	Resonate Productions - musical journalism		1405480796154561	Facebook	2	1	379	71	9	0
m	male	BG	Bulgaria	Streetpit		658189304534663	Facebook	1	1	378	189	0	0
m	male	BG	Bulgaria	Δημήτρης Καιρίδης-Dimitris Kairidis	Dimitrios Kairidis	165710610795923	Facebook	6	1	375	76	0	0
m	male	BG	Bulgaria	Centre of Excellence		761616163858631	Facebook	5	1	366	137	0	0
m	male	BG	Bulgaria	WJC - Jewish Diplomatic Corps		1163542677027283	Facebook	2	1	364	143	4	0
m	male	BG	Bulgaria	Academic Stories		1462157503898233	Facebook	2	1	362	72	0	0
m	male	BG	Bulgaria	Liberty and Independence Forever		801478413551420	Facebook	1	1	360	72	6	0
m	male	BG	Bulgaria	Columbia University in the City of New York		102471088936	Facebook	3	1	360	141	0	0
m	male	BG	Bulgaria	Xytro		703407660061560	Facebook	2	1	346	173	15	3
m	male	BG	Bulgaria	Tilburg University		157338687652903	Facebook	1	1	339	169	3	0
m	male	BG	Bulgaria	Censor		2159262341001758	Facebook	1	1	336	67	5	0
m	male	BG	Bulgaria	БОРР "Тервел"		695584730599036	Facebook	1	1	327	0	28	0
m	male	BG	Bulgaria	Thos Memes		2318165035081740	Facebook	1	1	326	65	5	0
m	male	BG	Bulgaria	Veganuary		170911309781648	Facebook	9	1	317	73	1	0
m	male	BG	Bulgaria	Евро Приоритети за България		2623558631048860	Facebook	1	1	310	0	27	0
m	male	BG	Bulgaria	Hustle Ramen		448897585854828	Facebook	1	1	298	149	2	0
m	male	BG	Bulgaria	Gary Vaynerchuk		51535068349	Facebook	1	1	297	59	0	0
m	male	BG	Bulgaria	Savystuffsaf		2057983051186633	Facebook	2	1	294	58	0	0
m	male	BG	Bulgaria	Busech Shopping		297339700960830	Facebook	5	1	293	110	3	0
m	male	BG	Bulgaria	MeGrow		142021769700446	Facebook	3	1	289	43	10	0
m	male	BG	Bulgaria	Wageningen University & Research		128618593840392	Facebook	1	1	285	57	0	0
m	male	BG	Bulgaria	eq.eco		1316308285142040	Facebook	6	1	284	96	0	0
m	male	BG	Bulgaria	European Cooperation Day		230065377563230	Facebook	1	1	281	56	5	0
m	male	BG	Bulgaria	آزادی		2225999294109545	Facebook	1	1	270	108	0	0
m	male	BG	Bulgaria	Save the Blue Heart of Europe		248254568685368	Facebook	1	1	269	134	2	0
m	male	BG	Bulgaria	eToro		105255116217636	Facebook	1	1	268	134	5	1
m	male	BG	Bulgaria	GirlPower Football School		805084479546820	Facebook	1	1	266	53	0	0
m	male	BG	Bulgaria	Apps for life		735756143429544	Facebook	1	1	266	53	0	0
m	male	BG	Bulgaria	АллатРа ТВ		468944153190776	Facebook	34	1	265	115	2	0
m	male	BG	Bulgaria	Basicdepots		299600660831947	Facebook	6	1	263	59	3	0
m	male	BG	Bulgaria	Andreas Schieder	SPÖ	290881691011354	Facebook	3	1	253	50	2	0
m	male	BG	Bulgaria	Lap - Find Family & Friends		254495005225189	Facebook	2	1	240	54	0	0
m	male	BG	Bulgaria	Kiwi.com		334822256561481	Facebook	1	1	237	47	2	0
m	male	BG	Bulgaria	MEDAL display		1490537417901414	Facebook	1	1	234	117	2	0
m	male	BG	Bulgaria	Russian International Affairs Council		203870889756783	Facebook	1	1	229	45	0	0
m	male	BG	Bulgaria	Covestro		150793518281117	Facebook	1	1	228	91	0	0
m	male	BG	Bulgaria	Περιφέρεια σε Δράση - Κωστής Σιμιτσής	Κωστής Σιμιτσής	527150297793347	Facebook	2	1	227	110	0	0
m	male	BG	Bulgaria	INSEAD		164840743574941	Facebook	1	1	227	113	0	0
m	male	BG	Bulgaria	Harrison Young		695529727145429	Facebook	2	1	220	42	4	0
m	male	BG	Bulgaria	Tom Lantos Institute		201089673289502	Facebook	1	1	220	44	0	0
m	male	BG	Bulgaria	Goodnet | Gateway to Doing Good		148937085220380	Facebook	1	1	212	42	3	0
m	male	BG	Bulgaria	Coconut Bowls		451945511677873	Facebook	12	1	211	42	2	0
m	male	BG	Bulgaria	Ustinoff ART		371233050332751	Facebook	1	1	208	104	0	0
m	male	BG	Bulgaria	Journal des Français à l'étranger		1193690844094654	Facebook	2	1	208	98	0	0
m	male	BG	Bulgaria	Scholarships for International Students		143550215717842	Facebook	1	1	207	103	0	0
m	male	BG	Bulgaria	Moniteur Automobile		148722088488665	Facebook	3	1	203	0	19	0
m	male	BG	Bulgaria	PES Group in the European Committee of the Regions		320487834694421	Facebook	1	1	203	40	4	0
m	male	BG	Bulgaria	Travel Daily		132340116827664	Facebook	2	1	202	41	3	0
m	male	BG	Bulgaria	CanadaVisa.com - Campbell Cohen Canadian Immigration Law Firm		104102576882	Facebook	1	1	198	79	0	0
m	male	BG	Bulgaria	Конгрессно-Выставочная Компания «Империя»		203407713030445	Facebook	3	1	197	86	1	0
m	male	BG	Bulgaria	USR Diaspora	USR Diaspora	1793510380925494	Facebook	1	1	195	97	0	0
m	male	BG	Bulgaria	Scandinavian Enviro Systems		327110574829848	Facebook	4	1	195	39	0	0
m	male	BG	Bulgaria	EU Maritime & Fish		387573881345007	Facebook	1	1	194	97	0	0
m	male	BG	Bulgaria	Robert Schuman Centre for Advanced Studies		176582089060752	Facebook	1	1	185	37	0	0
m	male	BG	Bulgaria	Airinum		867962259958927	Facebook	3	1	185	37	0	0
m	male	BG	Bulgaria	ZAFUL		916028728426822	Facebook	1	1	182	91	0	0
m	male	BG	Bulgaria	agora42		251280515702	Facebook	1	1	181	90	1	0
m	male	BG	Bulgaria	Diamond MMA		109234291544	Facebook	1	1	180	36	3	0
m	male	BG	Bulgaria	Kaar Kaas Sonn		215255338679306	Facebook	2	1	179	43	0	0
m	male	BG	Bulgaria	Abdur-Raheem McCarthy (عبدالرحيم مكارثي)	One Ummah	163303980381013	Facebook	1	1	170	34	1	0
m	male	BG	Bulgaria	Auzillao-Clothing		789837658081619	Facebook	1	1	167	33	0	0
m	male	BG	Bulgaria	Stay Inn Hostel		241816352904837	Facebook	1	1	163	81	1	0
m	male	BG	Bulgaria	pro aurum Kilchberg ZH		258246284700914	Facebook	3	1	160	32	2	0
m	male	BG	Bulgaria	LGBTstyle		839131319627314	Facebook	34	1	159	22	6	0
m	male	BG	Bulgaria	Greenpeace Polska		32104614789	Facebook	15	1	159	68	0	0
m	male	BG	Bulgaria	LANG		300117257365907	Facebook	2	1	151	21	7	0
m	male	BG	Bulgaria	Middle East Monitor	Middle East Monitor	152879306925	Facebook	3	1	146	30	0	0
m	male	BG	Bulgaria	Petroleum Economist		119472418123001	Facebook	1	1	146	29	0	0
m	male	BG	Bulgaria	Erntekunststoffe Recycling Deutschland ERDE		769565186388057	Facebook	2	1	144	28	2	0
m	male	BG	Bulgaria	Riddle		382170295326783	Facebook	1	1	142	71	1	0
m	male	BG	Bulgaria	Homaly Gift		372226786888864	Facebook	4	1	140	43	0	0
m	male	BG	Bulgaria	Quotes		1881150392198555	Facebook	2	1	139	50	0	0
m	male	BG	Bulgaria	هوای پاک برای ایران  Clean Air For Iran		1577670342523543	Facebook	1	1	136	27	0	0
m	male	BG	Bulgaria	Matt Wilson		247888188644456	Facebook	7	1	136	36	3	0
m	male	BG	Bulgaria	♤♧BOTCHY♧♤		353439831803607	Facebook	1	1	134	53	0	0
m	male	BG	Bulgaria	Московский Центр Карнеги		110622705645966	Facebook	2	1	128	25	0	0
m	male	BG	Bulgaria	Professor  Alberto Testa	Alberto Testa	1899667790263172	Facebook	1	1	123	24	2	0
m	male	BG	Bulgaria	Alpine Garden Society		239451772739772	Facebook	1	1	121	60	1	0
m	male	BG	Bulgaria	Noosworks.com		405566173606704	Facebook	1	1	120	24	2	0
m	male	BG	Bulgaria	CEC European Managers		962505560483309	Facebook	1	1	119	0	11	0
m	male	BG	Bulgaria	Открытые медиа. Инфометр		1246107138782307	Facebook	5	1	118	46	0	0
m	male	BG	Bulgaria	Hungary Today		1514921332061615	Facebook	5	1	118	19	0	0
m	male	BG	Bulgaria	Ritual		457175417640208	Facebook	2	1	118	54	0	0
m	male	BG	Bulgaria	Ambassador of Islam		2121543634600149	Facebook	1	1	114	22	0	0
m	male	BG	Bulgaria	Beddr		710673582448543	Facebook	1	1	114	22	1	0
m	male	BG	Bulgaria	Le Courrier d'Europe centrale		387639116472	Facebook	1	1	113	22	0	0
m	male	BG	Bulgaria	Wefail.art		151397582449049	Facebook	1	1	111	22	2	0
m	male	BG	Bulgaria	The Bamboo Brush Society		1152885191422950	Facebook	15	1	111	38	0	0
m	male	BG	Bulgaria	Great		267772723892978	Facebook	1	1	108	54	0	0
m	male	BG	Bulgaria	Stonewall		18933990398	Facebook	2	1	107	21	0	0
m	male	BG	Bulgaria	Karoline Edtstadler	Salzburger Volkspartei	1580540041983231	Facebook	6	1	104	20	2	0
m	male	BG	Bulgaria	We Love Fishing		173268786636636	Facebook	3	1	102	20	0	0
m	male	BG	Bulgaria	Culture Concepts		2014883275418790	Facebook	15	1	101	29	3	0
m	male	BG	Bulgaria	Vegas Live Community		1024725667661429	Facebook	1	1	101	50	4	0
m	male	BG	Bulgaria	GadgetWorlds		1379943465439410	Facebook	7	1	99	2	8	0
m	male	BG	Bulgaria	Harvard Business Review		10423517786	Facebook	6	1	89	36	1	0
m	male	BG	Bulgaria			0	Facebook	1	1	88	17	1	0
m	male	BG	Bulgaria	SAGE Publishing		121340691244235	Facebook	1	1	88	0	7	0
m	male	BG	Bulgaria	Zoeetoys		690269048038800	Facebook	11	1	88	3	6	0
m	male	BG	Bulgaria	ArT-CLIC		792807861092293	Facebook	2	1	87	0	8	0
m	male	BG	Bulgaria	Il Primato Nazionale	Il Primato Nazionale	587689174620699	Facebook	1	1	86	43	0	0
m	male	BG	Bulgaria	Exponea		437489159794764	Facebook	8	1	84	2	7	0
m	male	BG	Bulgaria	ADAR		175390195814995	Facebook	1	1	84	42	0	0
m	male	BG	Bulgaria	David Stephen Patterson		255774634874100	Facebook	8	1	83	7	4	0
m	male	BG	Bulgaria	Avon Worldwide		216741958412414	Facebook	1	1	81	40	0	0
m	male	BG	Bulgaria	2uhot		438915289946804	Facebook	3	1	81	28	1	0
m	male	BG	Bulgaria	Trang Banana		575840966122462	Facebook	1	1	80	16	0	0
m	male	BG	Bulgaria	Rock Legend		186760725333439	Facebook	1	1	80	16	1	0
m	male	BG	Bulgaria	Seaqual Friends		2009782872619352	Facebook	2	1	79	24	1	0
m	male	BG	Bulgaria	Open Doors Deutschland		182704598535	Facebook	3	1	78	15	0	0
m	male	BG	Bulgaria	Michalis Angelopoulos	Michalis Angelopoulos	253581075582399	Facebook	1	1	77	15	0	0
m	male	BG	Bulgaria	All Passport Cover		1659280077503769	Facebook	4	1	77	35	0	0
m	male	BG	Bulgaria	Академия Частного Инвестора / проект Андрея Ховратова		1341167019254839	Facebook	5	1	76	0	0	0
m	male	BG	Bulgaria	Equitable Futures		426317074840074	Facebook	1	1	75	37	0	0
m	male	BG	Bulgaria	Expatica		206982432584	Facebook	2	1	72	29	0	0
m	male	BG	Bulgaria	SISTERAY		339421886151497	Facebook	1	1	72	14	1	0
m	male	BG	Bulgaria	Lucia Kleštincová	EUpositive.sk	1933440166748185	Facebook	1	1	70	14	0	0
m	male	BG	Bulgaria	Mary Beth West		92056987706	Facebook	1	1	70	35	0	0
m	male	BG	Bulgaria	The Palestine Institute for Public Diplomacy		158233651450504	Facebook	1	1	70	35	0	0
m	male	BG	Bulgaria	Circling Europe		503234379789523	Facebook	1	1	69	13	1	0
m	male	BG	Bulgaria	Let's Shop		232205540763784	Facebook	4	1	68	0	5	0
m	male	BG	Bulgaria	APMS Engineering		268331613219255	Facebook	1	1	67	33	0	0
m	male	BG	Bulgaria	Arab Observer		1069994363047690	Facebook	1	1	67	0	5	0
m	male	BG	Bulgaria	Delphinus		20411877802	Facebook	5	1	67	32	0	0
m	male	BG	Bulgaria	Sailing On A Dream	Sailing On A Dream	142467223232348	Facebook	1	1	65	32	0	0
m	male	BG	Bulgaria	Rose & Matcha		274271540175299	Facebook	1	1	64	0	6	0
m	male	BG	Bulgaria	Assets For Life		1536572196655036	Facebook	4	1	60	8	2	0
m	male	BG	Bulgaria	Ozan Yanar		730847103593100	Facebook	2	1	59	11	0	0
m	male	BG	Bulgaria	Seven Clean Seas		425855964577344	Facebook	1	1	58	11	1	0
m	male	BG	Bulgaria	Kardinal Christoph Schönborn		377374578988880	Facebook	1	1	58	29	0	0
m	male	BG	Bulgaria	Construction Climate Challenge		1421675261420283	Facebook	2	1	58	11	0	0
m	male	BG	Bulgaria	Raseef22  رصيفــ22		359500190793796	Facebook	2	1	58	29	0	0
m	male	BG	Bulgaria	Passport, Immigration & Citizenship Agency, Jamaica		916817615020266	Facebook	1	1	57	11	0	0
m	male	BG	Bulgaria	Chihuahua Books		254252425411331	Facebook	1	1	56	11	0	0
m	male	BG	Bulgaria	Humble Household		1746853745395190	Facebook	2	1	54	12	0	0
m	male	BG	Bulgaria	Type & Translate		293843807996969	Facebook	2	1	54	10	0	0
m	male	BG	Bulgaria	Liberalist International Association		356741228182930	Facebook	1	1	54	0	5	0
m	male	BG	Bulgaria	Stop AAAS Ro		1640996242671731	Facebook	2	1	53	0	3	0
m	male	BG	Bulgaria	REHAU España: Diseño, confort y eficiencia energética en el hogar		131193813582445	Facebook	1	1	53	10	0	0
m	male	BG	Bulgaria	Matthias Mazur		578694572243499	Facebook	1	1	52	10	0	0
m	male	BG	Bulgaria	ID - Budapest European Agora		552368215238645	Facebook	2	1	52	9	0	0
m	male	BG	Bulgaria	Prizeo		378378255568881	Facebook	6	1	52	10	0	0
m	male	BG	Bulgaria	Louder.me		216206948848368	Facebook	1	1	51	10	0	0
m	male	BG	Bulgaria	Gazeta Wyborcza		63563473556	Facebook	7	1	50	11	0	0
m	male	BG	Bulgaria	Invalibre by GEMMI Sarl		503265683426600	Facebook	1	1	49	24	0	0
m	male	BG	Bulgaria	Dorje Shugden		124479407593558	Facebook	5	1	49	24	0	0
m	male	BG	Bulgaria	Voices for Refugees - أصوات لأجل اللاجئين		1601274913421469	Facebook	9	1	48	15	0	0
m	male	BG	Bulgaria	TVP Polonia		105123379552892	Facebook	1	1	48	9	0	0
m	male	BG	Bulgaria	Sci Ani		1177000815657627	Facebook	1	1	47	9	0	0
m	male	BG	Bulgaria	Asia Times		186423081422922	Facebook	1	1	47	23	0	0
m	male	BG	Bulgaria	Solo Build It		1560111630973105	Facebook	1	1	46	23	0	0
m	male	BG	Bulgaria	Brut		1691667177798461	Facebook	1	1	45	18	0	0
m	male	BG	Bulgaria	Orbex		1415953441956155	Facebook	2	1	43	9	0	0
m	male	BG	Bulgaria	Low-tech Magazine		152332238178200	Facebook	1	1	42	0	3	0
m	male	BG	Bulgaria	Liberal Democrats	the Liberal Democrats	5883973269	Facebook	7	1	41	7	2	0
m	male	BG	Bulgaria	Watch The Med - Alarmphone		1525906057683632	Facebook	1	1	41	8	0	0
m	male	BG	Bulgaria	Marty Supply Co.		180223699572168	Facebook	4	1	41	8	0	0
m	male	BG	Bulgaria	The New Arab	The New Arab	1426949024217365	Facebook	4	1	40	16	0	0
m	male	BG	Bulgaria	SBS Australia		68043178685	Facebook	1	1	39	19	0	0
m	male	BG	Bulgaria	DYLN Inspired		340074242782086	Facebook	1	1	37	7	0	0
m	male	BG	Bulgaria	Òmnium Cultural		161916260510295	Facebook	3	1	37	12	0	0
m	male	BG	Bulgaria	Intercultural Cities / Cités interculturelles		278032492222816	Facebook	1	1	37	7	0	0
m	male	BG	Bulgaria	Pan African Music		1601147136871482	Facebook	1	1	37	7	0	0
m	male	BG	Bulgaria	Νότης Μαριάς, Ανεξάρτητος Ευρωβουλευτής		337788662974718	Facebook	3	1	36	17	0	0
m	male	BG	Bulgaria	Another Level Store		293935854572585	Facebook	9	1	36	12	0	0
m	male	BG	Bulgaria	Ecocity World Summit 2019		1998748213742008	Facebook	2	1	35	13	0	0
m	male	BG	Bulgaria	مفوضية اللاجئين		188842724507690	Facebook	11	1	34	9	1	0
m	male	BG	Bulgaria	Eldritch Foundry		333726374024339	Facebook	1	1	34	6	0	0
m	male	BG	Bulgaria	Gearbest Shopping		794881967312716	Facebook	2	1	33	0	2	0
m	male	BG	Bulgaria	Eric Demers Photo		159610404175195	Facebook	1	1	33	0	2	0
m	male	BG	Bulgaria	United States Holocaust Memorial Museum	the United States Holocaust Memorial Museum 	34362997676	Facebook	5	1	33	6	0	0
m	male	BG	Bulgaria	Financial Times		8860325749	Facebook	1	1	33	6	0	0
m	male	BG	Bulgaria	Master Chef Universal		279581679340572	Facebook	6	1	32	1	2	0
m	male	BG	Bulgaria	ParaqinOfficial		420328302103021	Facebook	1	1	31	15	0	0
m	male	BG	Bulgaria	C B Videos		1268063233324622	Facebook	2	1	31	6	0	0
m	male	BG	Bulgaria	Lifestyle Living by Kristina Horning, Realtor		620683444647747	Facebook	1	1	31	15	0	0
m	male	BG	Bulgaria	Our Better World		287195427978924	Facebook	1	1	30	15	0	0
m	male	BG	Bulgaria	Institute of Development Policy - Development Studies		84978528258	Facebook	1	1	30	6	0	0
m	male	BG	Bulgaria	Jeff Wan		308317802987822	Facebook	1	1	30	6	0	0
m	male	BG	Bulgaria	Global Cause	Mediaplanet	312250336311238	Facebook	1	1	29	5	0	0
m	male	BG	Bulgaria	Bestforyou6		2234509846791274	Facebook	1	1	28	0	2	0
m	male	BG	Bulgaria	Bond		153637704655631	Facebook	1	1	28	5	0	0
m	male	BG	Bulgaria	Stake experts		1002566926552419	Facebook	1	1	28	5	0	0
m	male	BG	Bulgaria	Maroš Šefčovič		245361515516655	Facebook	4	1	27	5	0	0
m	male	BG	Bulgaria	Jumio		259216272113	Facebook	1	1	27	5	0	0
m	male	BG	Bulgaria	Lettuce Networks		323302384460728	Facebook	2	1	26	4	0	0
m	male	BG	Bulgaria	Deco your life		347820246060480	Facebook	1	1	26	0	2	0
m	male	BG	Bulgaria	Web Summit		294067420659309	Facebook	1	1	25	5	0	0
m	male	BG	Bulgaria	Smart Energy TV		223797847633003	Facebook	1	1	24	12	0	0
m	male	BG	Bulgaria	Daniel C Juster Official		199307546902179	Facebook	1	1	23	4	0	0
m	male	BG	Bulgaria	Shitcoinlovers.shop		243275546399349	Facebook	1	1	23	0	2	0
m	male	BG	Bulgaria	Gherson		422351344832507	Facebook	1	1	23	11	0	0
m	male	BG	Bulgaria	Beijing Tourism		442672999178128	Facebook	1	1	22	4	0	0
m	male	BG	Bulgaria	Jah Happy Life		1744645559132653	Facebook	1	1	22	4	0	0
m	male	BG	Bulgaria	Alianța Anticorupție din România		279280712669378	Facebook	3	1	22	4	0	0
m	male	BG	Bulgaria	Harry Singha		35219798715	Facebook	1	1	22	9	0	0
m	male	BG	Bulgaria	Pinksixty	Leeze Lawrence	108182029247820	Facebook	1	1	21	0	2	0
m	male	BG	Bulgaria	Christof Catlin		694707690602444	Facebook	1	1	21	10	0	0
m	male	BG	Bulgaria	The Muslim Vibe		307180642770277	Facebook	1	1	21	4	0	0
m	male	BG	Bulgaria	Laser Training Cabarete		225846664167204	Facebook	1	1	21	10	0	0
m	male	BG	Bulgaria	International Panel of Parliamentarians for Freedom of Religion or Belief		1647745268803165	Facebook	1	1	21	10	0	0
m	male	BG	Bulgaria	The Bellas		395502277694859	Facebook	4	1	20	0	1	0
m	male	BG	Bulgaria	Guitar Lovers		203855170399686	Facebook	2	1	20	6	0	0
m	male	BG	Bulgaria	Ticalm.com		956222737885591	Facebook	1	1	20	4	0	0
m	male	BG	Bulgaria	LIQUI MOLY		120751477970543	Facebook	1	1	20	10	0	0
m	male	BG	Bulgaria	Smart Water Magazine		634705100258374	Facebook	2	1	20	9	0	0
m	male	BG	Bulgaria	Florida Invest		1757174107834441	Facebook	1	1	20	4	0	0
m	male	BG	Bulgaria	African Union USA		507866149701811	Facebook	4	1	19	9	0	0
m	male	BG	Bulgaria	CreativeTees		687860694745364	Facebook	4	1	19	4	0	0
m	male	BG	Bulgaria	المُخَضرَمْ أبو الحَقْ		2028981030686185	Facebook	1	1	19	3	0	0
m	male	BG	Bulgaria	New Church Of Christ		2092774617605722	Facebook	1	1	18	3	0	0
m	male	BG	Bulgaria	Razvlekalovo		1676086822474842	Facebook	2	1	18	8	0	0
m	male	BG	Bulgaria	Evig Grön		201581136991713	Facebook	2	1	17	4	0	0
m	male	BG	Bulgaria	Hippie Souls - Amzitee		350097562443914	Facebook	5	1	17	1	0	0
m	male	BG	Bulgaria	Friends of the Earth International		12410115279	Facebook	1	1	17	3	0	0
m	male	BG	Bulgaria	Arkadiusz Mężyk		558775330950505	Facebook	1	1	17	0	0	0
m	male	BG	Bulgaria	Odin		548799562209914	Facebook	2	1	16	0	1	0
m	male	BG	Bulgaria	Cali Lili		404598562928218	Facebook	1	1	16	0	1	0
m	male	BG	Bulgaria	Nature Tours of Yukon Inc.		112481622126075	Facebook	2	1	16	0	1	0
m	male	BG	Bulgaria	The Intercept Brasil		1754956431459064	Facebook	4	1	16	7	0	0
m	male	BG	Bulgaria	Alain Elkann Interviews		636915803053282	Facebook	1	1	16	8	0	0
m	male	BG	Bulgaria	Serendeep		354759095044155	Facebook	1	1	16	3	0	0
m	male	BG	Bulgaria	OBV		78976852029	Facebook	1	1	16	0	1	0
m	male	BG	Bulgaria	Trending Today		311683089314196	Facebook	4	1	16	3	0	0
m	male	BG	Bulgaria	Progresívne Slovensko	Progresívne Slovensko	557862947737785	Facebook	2	1	15	3	0	0
m	male	BG	Bulgaria	ONE		11055104471	Facebook	1	1	15	3	0	0
m	male	BG	Bulgaria	www.capital.gr		186848962521	Facebook	1	1	15	3	0	0
m	male	BG	Bulgaria	Best Tech Crowdfunding Videos		615071652029076	Facebook	3	1	15	1	0	0
m	male	BG	Bulgaria	Le 1		850828794934579	Facebook	2	1	15	7	0	0
m	male	BG	Bulgaria	Nelson Mandela World Human Rights Moot Court Competition		492134250862044	Facebook	1	1	15	7	0	0
m	male	BG	Bulgaria	Western Canadian Oil		1165785766902284	Facebook	1	1	14	0	0	0
m	male	BG	Bulgaria	Scelta-service		274899976772703	Facebook	1	1	14	7	0	0
m	male	BG	Bulgaria	katholisch.de		108851439196399	Facebook	1	1	14	2	0	0
m	male	BG	Bulgaria	Oceanic Global		866657050038456	Facebook	5	1	14	1	0	0
m	male	BG	Bulgaria	国际特赦组织中文 Amnesty International Chinese		570175473079180	Facebook	1	1	14	7	0	0
m	male	BG	Bulgaria	The Syria Campaign		607756062649744	Facebook	1	1	14	7	0	0
m	male	BG	Bulgaria	Joel Erway		248070895357097	Facebook	1	1	14	7	0	0
m	male	BG	Bulgaria	Έλληνες Ριζοσπάστες		2076559345980059	Facebook	1	1	13	6	0	0
m	male	BG	Bulgaria	Rising Sun Prints		1802639043135242	Facebook	1	1	13	0	1	0
m	male	BG	Bulgaria	Her Dream House		259685668305729	Facebook	4	1	13	2	0	0
m	male	BG	Bulgaria	CS Global Partners		227134147453528	Facebook	1	1	13	0	1	0
m	male	BG	Bulgaria	Justin Trudeau		21751825648	Facebook	3	1	13	4	0	0
m	male	BG	Bulgaria	Online Antisemitism Task Force		149290745229517	Facebook	3	1	12	2	0	0
m	male	BG	Bulgaria	The Jerusalem Post / JPost.com		159050394216641	Facebook	2	1	12	1	0	0
m	male	BG	Bulgaria	Liberal Party of Canada | Parti libéral du Canada		60266912006	Facebook	5	1	12	1	0	0
m	male	BG	Bulgaria	Comitato Ventotene		512282875616533	Facebook	1	1	12	2	0	0
m	male	BG	Bulgaria	البنك الدولي		142329112477770	Facebook	3	1	11	2	0	0
m	male	BG	Bulgaria	Atta Arghandiwal		391248941257129	Facebook	1	1	11	2	0	0
m	male	BG	Bulgaria	ALDE Giurgiu		463507610853279	Facebook	1	1	11	2	0	0
m	male	BG	Bulgaria	Diem25.official		1556873704634276	Facebook	1	1	11	2	0	0
m	male	BG	Bulgaria	MrMugs		328655004399969	Facebook	5	1	11	0	1	0
m	male	BG	Bulgaria	The WorldPost		70242384902	Facebook	1	1	10	4	0	0
m	male	BG	Bulgaria	International Growth Centre	London School of Economics and Political Science	121645431208100	Facebook	1	1	10	2	0	0
m	male	BG	Bulgaria	Nikkei Asian Review		204862942932993	Facebook	1	1	10	2	0	0
m	male	BG	Bulgaria	Kostas Dervos	Kostas Dervos	1970779819866623	Facebook	1	1	9	1	0	0
m	male	BG	Bulgaria	Partidul Naţional Liberal	Future Innovation 	181375448581167	Facebook	1	1	9	1	0	0
m	male	BG	Bulgaria	Gazeta.pl		56246989582	Facebook	2	1	9	1	0	0
m	male	BG	Bulgaria	עו"ד ציון אמיר		292685258075575	Facebook	1	1	9	1	0	0
m	male	BG	Bulgaria	Comité international de la Croix-Rouge		540364216018969	Facebook	1	1	9	4	0	0
m	male	BG	Bulgaria	undeunde.ro		2082223995356096	Facebook	1	1	9	1	0	0
m	male	BG	Bulgaria	Extremophile Pub		1698602293773036	Facebook	1	1	9	4	0	0
m	male	BG	Bulgaria	Ronin Deals		2101086449967298	Facebook	1	1	9	0	0	0
m	male	BG	Bulgaria	History Collection		291232054552141	Facebook	3	1	9	1	0	0
m	male	BG	Bulgaria	Ведомости		184860593907	Facebook	1	1	9	0	0	0
m	male	BG	Bulgaria	No Majesty		810642822326965	Facebook	2	1	9	1	0	0
m	male	BG	Bulgaria	Cardozo School of Law		329418020548	Facebook	1	1	9	1	0	0
m	male	BG	Bulgaria	IMS ExpertServices		361300636117	Facebook	1	1	9	4	0	0
m	male	BG	Bulgaria	Straw Of Steel		2304645696263363	Facebook	4	1	8	1	0	0
m	male	BG	Bulgaria	Berlin Beer Week		789641531111955	Facebook	1	1	8	4	0	0
m	male	BG	Bulgaria	Dansk Flygtningehjælp		116227401722605	Facebook	1	1	8	4	0	0
m	male	BG	Bulgaria	FOZ - Friends of Zion Museum		1589154051350606	Facebook	1	1	8	1	0	0
m	male	BG	Bulgaria	Rajiv Malhotra		137726233047389	Facebook	1	1	8	3	0	0
m	male	BG	Bulgaria	Feel Festival		549915321685864	Facebook	1	1	8	4	0	0
m	male	BG	Bulgaria	TBU NEWS		492847967431014	Facebook	1	1	8	0	0	0
m	male	BG	Bulgaria	Marketing Gem Device		216490342268201	Facebook	1	1	8	1	0	0
m	male	BG	Bulgaria	Best Shopping Deals		519091928553063	Facebook	1	1	8	1	0	0
m	male	BG	Bulgaria	MyArgon		194845247856434	Facebook	1	1	8	0	0	0
m	male	BG	Bulgaria	Disabled Lives Matter		195394467932052	Facebook	1	1	7	1	0	0
m	male	BG	Bulgaria	Πέτρος Κόκκαλης - Petros Kokkalis	Πέτρος Κόκκαλης - Petros Kokkalis	234040963454964	Facebook	5	1	7	2	0	0
m	male	BG	Bulgaria	Evropski pokret u Srbiji		116621731726496	Facebook	1	1	7	3	0	0
m	male	BG	Bulgaria	Dunya News Kharian		395682164348065	Facebook	1	1	7	3	0	0
m	male	BG	Bulgaria	Online Krebskongress		365969614129867	Facebook	1	1	7	0	0	0
m	male	BG	Bulgaria	Drapers		16353661166	Facebook	1	1	7	1	0	0
m	male	BG	Bulgaria	Kale United		1797724283592895	Facebook	1	1	7	3	0	0
m	male	BG	Bulgaria	WWF-Brasil		7970426802	Facebook	6	1	7	1	0	0
m	male	BG	Bulgaria	Nature Index		145327659223282	Facebook	4	1	7	2	0	0
m	male	BG	Bulgaria	Pocket Graffit		2113187182278229	Facebook	1	1	7	1	0	0
m	male	BG	Bulgaria	Hans Maes		1181238155301995	Facebook	1	1	6	1	0	0
m	male	BG	Bulgaria	Green Planet Craft		587087095149761	Facebook	1	1	6	0	0	0
m	male	BG	Bulgaria	Shine Shirt		129369451214326	Facebook	1	1	6	0	0	0
m	male	BG	Bulgaria	Hippie Freaks - Amzitee		1939985326124908	Facebook	2	1	6	1	0	0
m	male	BG	Bulgaria	Ionel Dancă		227578001357165	Facebook	1	1	6	1	0	0
m	male	BG	Bulgaria	University of East London Students' Union		425879357458219	Facebook	1	1	6	1	0	0
m	male	BG	Bulgaria	Green Remodeled		2313279118900261	Facebook	1	1	6	3	0	0
m	male	BG	Bulgaria	Civitas Maxima		1397642550542919	Facebook	1	1	6	2	0	0
m	male	BG	Bulgaria	Zim Boii		196137014529067	Facebook	1	1	6	0	0	0
m	male	BG	Bulgaria	CEO Standard		511296119250139	Facebook	1	1	6	3	0	0
m	male	BG	Bulgaria	The New Humanitarian		49134323939	Facebook	1	1	5	2	0	0
m	male	BG	Bulgaria	Quizways		179822015921780	Facebook	1	1	5	1	0	0
m	male	BG	Bulgaria	ForLynx		677713332646131	Facebook	3	1	5	0	0	0
m	male	BG	Bulgaria	Évolution Socio-culturelle		734106246973216	Facebook	4	1	5	0	0	0
m	male	BG	Bulgaria	Hippie Life - Hippieoutfit4u		423296574881621	Facebook	2	1	5	1	0	0
m	male	BG	Bulgaria	BrightThis		1783515391737857	Facebook	1	1	5	1	0	0
m	male	BG	Bulgaria	Rise for Climate Belgium: Citizen Mobilization to save Humanity		458512257969541	Facebook	2	1	5	2	0	0
m	male	BG	Bulgaria	Roposo - TV By The People		574950735891850	Facebook	1	1	5	2	0	0
m	male	BG	Bulgaria	Simona Petrík SPOLU - občianska demokracia	Hudáčková Silvia	132353247111236	Facebook	2	1	4	0	0	0
m	male	BG	Bulgaria	Νικόλαος Ταμουρίδης		393583201478905	Facebook	1	1	4	0	0	0
m	male	BG	Bulgaria	Θόδωρος Μεχλιζόγλου - Υποψήφιος Ευρωβουλευτής		2003326776616516	Facebook	1	1	4	2	0	0
m	male	BG	Bulgaria	Shurat HaDin - Israel Law Center		709491732434343	Facebook	1	1	4	0	0	0
m	male	BG	Bulgaria	Ivan Štefunko • Progresívne Slovensko		1664533523674012	Facebook	1	1	4	0	0	0
m	male	BG	Bulgaria	CATALYST.cm		195561910471475	Facebook	1	1	4	2	0	0
m	male	BG	Bulgaria	Γιώργος Λογιάδης - George Logiadis		630354077426821	Facebook	1	1	4	1	0	0
m	male	BG	Bulgaria	Task Force Contre l'Antisémitisme		1680652255497041	Facebook	2	1	4	0	0	0
m	male	BG	Bulgaria	საქართველოს აეროპორტების გაერთიანება  / United Airports of Georgia		203853409682617	Facebook	1	1	4	2	0	0
m	male	BG	Bulgaria	THaF Records		143844422297396	Facebook	1	1	4	0	0	0
m	male	BG	Bulgaria	Mary Kay Global		877398905678278	Facebook	1	1	4	0	0	0
m	male	BG	Bulgaria	Kryptera.se		814674178566797	Facebook	1	1	4	0	0	0
m	male	BG	Bulgaria	Ιωάννης Πάιδας-Υποψήφιος Ευρωβουλευτής Νέας Δημοκρατίας		312321199470594	Facebook	1	1	3	0	0	0
m	male	BG	Bulgaria	ΚΑΠ  Βαγγέλης Παππάς  Υποψήφιος Δήμαρχος Καβάλας	Κ.Α.Π	189670551222049	Facebook	1	1	3	0	0	0
m	male	BG	Bulgaria	Νίκος Ανδρουλάκης	Νίκος Ανδρουλάκης	216089191899991	Facebook	2	1	3	1	0	0
m	male	BG	Bulgaria	Eva Kaili	Eva Kaili	13721812367	Facebook	1	1	3	1	0	0
m	male	BG	Bulgaria	Acamar Analysis and Consulting		192597328320978	Facebook	1	1	3	0	0	0
m	male	BG	Bulgaria	Kleopatra Sidiropoulou Υποψήφια Ευρωεκλογών με το Ποτάμι		272999270266817	Facebook	1	1	3	0	0	0
m	male	BG	Bulgaria	Flora & Fauna		303798486465804	Facebook	4	1	3	0	0	0
m	male	BG	Bulgaria	EQUA		150066411717094	Facebook	1	1	3	0	0	0
m	male	BG	Bulgaria	Listen		472940176573996	Facebook	2	1	3	1	0	0
m	male	BG	Bulgaria	World Transformation Movement		372125409639	Facebook	1	1	3	0	0	0
m	male	BG	Bulgaria	Παυσανίας Παπαγεωργίου		664522970337757	Facebook	1	1	3	0	0	0
m	male	BG	Bulgaria	Ο Καραγκιόζης Αλογόκριτος		295164867809730	Facebook	1	1	3	0	0	0
m	male	BG	Bulgaria	Tekoha		151941038832087	Facebook	1	1	3	0	0	0
m	male	BG	Bulgaria	Green Is The New Black		966031133504106	Facebook	1	1	3	1	0	0
m	male	BG	Bulgaria	Új Mezőgazdasági Magazin		116239185208469	Facebook	1	1	3	0	0	0
m	male	BG	Bulgaria	SolarWinds MSP		679260062113046	Facebook	1	1	3	0	0	0
m	male	BG	Bulgaria	Carnegie Planets		341313962740938	Facebook	1	1	3	0	0	0
m	male	BG	Bulgaria	Shopwoah		369904360221896	Facebook	8	1	3	0	0	0
m	male	BG	Bulgaria	Régime sans sel.fr		812443362193137	Facebook	1	1	3	0	0	0
m	male	BG	Bulgaria	Andrew Zbik - Lane Cove - Labor		1599877663573922	Facebook	1	1	3	0	0	0
m	male	BG	Bulgaria	Elgi Equipments Limited		1177120492310816	Facebook	1	1	3	1	0	0
m	male	BG	Bulgaria	Yujo teppanyaki & japanese food		518020511912629	Facebook	2	1	3	1	0	0
m	male	BG	Bulgaria	Naomi Reniuț-Ursoiu	Uniunea Salvați România	708334336169853	Facebook	1	1	2	0	0	0
m	male	BG	Bulgaria	Раймонд Кальюлайд	Raimond Kaljulaid	1535510530084119	Facebook	1	1	2	0	0	0
m	male	BG	Bulgaria	KDNP és Frakciója		230385242742	Facebook	2	1	2	0	0	0
m	male	BG	Bulgaria	Βενετόπουλος Χριστόδουλος - Υπ. Ευρωβουλευτής ΝΕΟ	Χριστοδουλος Βενετοπουλος	289155901968557	Facebook	1	1	2	0	0	0
m	male	BG	Bulgaria	Nikos Papandreou	Nikos Papandreou	2245032148843299	Facebook	1	1	2	1	0	0
m	male	BG	Bulgaria	PROGRESĪVIE		184096511636333	Facebook	2	1	2	0	0	0
m	male	BG	Bulgaria	Vouliwatch		627330267312880	Facebook	1	1	2	0	0	0
m	male	BG	Bulgaria	Awacer Tv		338347453659143	Facebook	1	1	2	1	0	0
m	male	BG	Bulgaria	Support Hospitals in Ukraine		1549590591937180	Facebook	1	1	2	0	0	0
m	male	BG	Bulgaria	Delena Formación		758604894158611	Facebook	1	1	2	1	0	0
m	male	BG	Bulgaria	Μίνα Καούνη & Συνεργάτες		674103179323981	Facebook	2	1	2	1	0	0
m	male	BG	Bulgaria	Prodec		293588711218584	Facebook	1	1	2	0	0	0
m	male	BG	Bulgaria	Schwarzkopf Professional		150101695010185	Facebook	3	1	2	0	0	0
m	male	BG	Bulgaria	Erfolgs Anleger		636347286818264	Facebook	1	1	2	0	0	0
m	male	BG	Bulgaria	Chasing the Donkey Croatia & Balkans Travel		236404956478387	Facebook	1	1	2	0	0	0
m	male	BG	Bulgaria	링글 Ringle		839106849540081	Facebook	2	1	2	1	0	0
m	male	BG	Bulgaria	Healthtian		409194029853907	Facebook	1	1	2	1	0	0
m	male	BG	Bulgaria	Knovva Academy		1619172795053683	Facebook	1	1	2	1	0	0
m	male	BG	Bulgaria	Comme Avant		816074091903635	Facebook	1	1	2	1	0	0
m	male	BG	Bulgaria	Knight Frank		131827336864671	Facebook	1	1	2	0	0	0
m	male	BG	Bulgaria	亿利集团		1284475311636605	Facebook	1	1	2	0	0	0
m	male	BG	Bulgaria	IFES - International Fellowship of Evangelical Students		96156071216	Facebook	1	1	2	0	0	0
m	male	BG	Bulgaria	Columbia Alumni Association		195421575197	Facebook	1	1	2	0	0	0
m	male	BG	Bulgaria	Oakridge International School		107215286050685	Facebook	1	1	2	1	0	0
m	male	BG	Bulgaria	Ageless by luckshop		1423117204644454	Facebook	1	1	2	0	0	0
m	male	BG	Bulgaria	Κατερινα Μαρκου		832766380123763	Facebook	1	1	1	0	0	0
m	male	BG	Bulgaria	Μιχαλίτσης Κωνσταντίνος	Μιχαλιτσης Κωνσταντινος 	760837734005868	Facebook	1	1	1	0	0	0
m	male	BG	Bulgaria	Βασίλης Σωτηρόπουλος	Vasileios Sotiropoulos	428087111291406	Facebook	1	1	1	0	0	0
m	male	BG	Bulgaria	Human Rights Tattoo		245416135560300	Facebook	1	1	1	0	0	0
m	male	BG	Bulgaria	Carmen Avram		181221645364365	Facebook	1	1	1	0	0	0
m	male	BG	Bulgaria	KidsRights		130369030334301	Facebook	1	1	1	0	0	0
m	male	BG	Bulgaria	Le Frasi più belle del Socialismo Vero		143945018983775	Facebook	1	1	1	0	0	0
m	male	BG	Bulgaria	Greyhound cafe		68799690218	Facebook	1	1	1	0	0	0
m	male	BG	Bulgaria	Kalitravel Fuerteventura senderismo y excursiones		1774151186154886	Facebook	1	1	1	0	0	0
m	male	BG	Bulgaria	Tourista Thailand		1572346723074679	Facebook	1	1	1	0	0	0
m	male	BG	Bulgaria	Daniele Cucinotta		1634379993264164	Facebook	1	1	1	0	0	0
m	male	BG	Bulgaria	LAiMER		605709906203262	Facebook	1	1	1	0	0	0
m	male	BG	Bulgaria	European Microfinance Platform, e-MFP		120538781304900	Facebook	1	1	1	0	0	0
m	male	BG	Bulgaria	Geneva International Centre for Justice		135800566582807	Facebook	1	1	1	0	0	0
m	male	BG	Bulgaria	Edraak		535356783247665	Facebook	1	1	1	0	0	0
m	male	BG	Bulgaria	Racing cars		2081606795473440	Facebook	1	1	1	0	0	0
m	male	BG	Bulgaria	National Sikh Campaign		217137015152702	Facebook	1	1	1	0	0	0
m	male	BG	Bulgaria	Progressive Connexions		1603753072986150	Facebook	1	1	1	0	0	0
m	male	BG	Bulgaria	Georges.tech		297216183943797	Facebook	1	1	1	0	0	0
m	male	BG	Bulgaria	AEGEE-București		142822559066975	Facebook	1	1	1	0	0	0
m	male	BG	Bulgaria	IUF Uniting Food, Farm and Hotel Workers World-Wide		289880965943	Facebook	1	1	1	0	0	0
m	male	BG	Bulgaria	Ridder		274461492577555	Facebook	1	1	1	0	0	0
m	male	BG	Bulgaria	Stonelineshop		325829824677604	Facebook	1	1	1	0	0	0
m	male	BG	Bulgaria	Grootbos Private Nature Reserve		120284091330969	Facebook	1	1	1	0	0	0
m	male	BG	Bulgaria	Bingo Bash		178711405567023	Facebook	1	1	1	0	0	0
m	male	BG	Bulgaria	Wedonthavetime.org		1374925102519271	Facebook	1	1	0	0	0	0
m	male	BG	Bulgaria	Green Monkey		124292808167707	Facebook	1	1	0	0	0	0
m	male	BG	Bulgaria	Giving Brush		1945237355733646	Facebook	1	1	0	0	0	0
m	male	BG	Bulgaria	Protege tu ropa		347783716078080	Facebook	1	1	0	0	0	0
m	male	BG	Bulgaria	BilinguaSing		1531132027099192	Facebook	1	1	0	0	0	0
m	male	BG	Bulgaria	My Flex Shop		1884818878234599	Facebook	1	1	0	0	0	0
m	male	BG	Bulgaria	Jorjetaime		339101866453240	Facebook	1	1	0	0	0	0
m	male	BG	Bulgaria	Iefimerida		106952522717824	Facebook	1	1	0	0	0	0
m	male	BG	Bulgaria	The Left Chapter		551848864918843	Facebook	1	1	0	0	0	0
m	male	BG	Bulgaria	We Can Organisation Internationale Pour la Défense des Droits des Réfugiés		165971287537086	Facebook	1	1	0	0	0	0
m	male	BG	Bulgaria	Diplomacy24		2104452919786255	Facebook	1	1	0	0	0	0
m	male	BG	Bulgaria	Proposalsforngos		1651942001533583	Facebook	1	1	0	0	0	0
m	male	BG	Bulgaria	TreeHouse Supply		397480990659846	Facebook	1	1	0	0	0	0
m	male	BG	Bulgaria	Виктория Румова		158241424735994	Facebook	1	1	0	0	0	0
m	male	BG	Bulgaria	Высшая школа стилистики		203865566363088	Facebook	1	1	0	0	0	0
m	male	BG	Bulgaria	Национальный расчетный депозитарий		195733663770542	Facebook	1	1	0	0	0	0
m	male	BG	Bulgaria	T one shirts		226601151545346	Facebook	1	1	0	0	0	0
m	male	BG	Bulgaria	Revista QB		1908798559359662	Facebook	1	1	0	0	0	0
