week_code_filter	week_label_filter	country_code_filter	country_name_filter	advertiser_name	advertiser_disclosure	platform_advertiser_id	platform_name	ad_count	advertiser_count	high_impressions	low_impressions	high_spend	low_spend
w017	Week 17	BE	Belgium	sp.a	sp.a	57253967150	Facebook	133	1	10646640	4489702	47567	11618
w017	Week 17	BE	Belgium	European Parliament		178362315106	Facebook	9	1	3974990	1754999	34493	6899
w017	Week 17	BE	Belgium	Tom Van Grieken	Vlaams Belang	584806884924010	Facebook	26	1	3946969	1648926	40541	9542
w017	Week 17	BE	Belgium	Vlaams Belang	Vlaams Belang	56605856504	Facebook	12	1	3828739	1796375	24783	5668
w017	Week 17	BE	Belgium	N-VA	Nieuw-Vlaamse Alliantie	334361224413	Facebook	55	1	3502226	1435581	13139	3741
w017	Week 17	BE	Belgium	Groen	Groen	84920854319	Facebook	74	1	1257528	436449	6424	932
w017	Week 17	BE	Belgium	Peter Mertens	PVDA	236485149843971	Facebook	479	1	1213332	307601	17728	1513
w017	Week 17	BE	Belgium	John Crombez	sp.a	264131406977201	Facebook	17	1	781772	248857	6462	1511
w017	Week 17	BE	Belgium	Open Vld	Open Vld	53668151866	Facebook	95	1	709851	220274	7736	1299
w017	Week 17	BE	Belgium	Tout sur le nucléaire / Alles over kernenergie		585236024850280	Facebook	13	1	616102	253683	2985	745
w017	Week 17	BE	Belgium	Wacky Politicians	Ladbrokes Belgium	325449998160769	Facebook	42	1	578185	235965	1467	74
w017	Week 17	BE	Belgium	Maurits Vande Reyde	Vande Reyde Maurits Jozef	1797427180478228	Facebook	73	1	548871	159566	3932	193
w017	Week 17	BE	Belgium	European Youth Forum		80161254850	Facebook	1	1	498808	249404	2493	498
w017	Week 17	BE	Belgium	Vlaams Belang Brussel	Vlaams Belang	499682940133305	Facebook	10	1	490960	191180	8613	2310
w017	Week 17	BE	Belgium	Jan Jambon	Nieuw-Vlaamse Alliantie	60317812912	Facebook	2	1	433188	173275	4331	866
w017	Week 17	BE	Belgium	CDH - Centre Démocrate Humaniste	CDH - Centre Démocrate Humaniste	189649407806135	Facebook	5	1	379409	174705	627	175
w017	Week 17	BE	Belgium	VB - nos gens d'abord	Vlaams Belang	816130908786112	Facebook	28	1	360845	116633	3995	851
w017	Week 17	BE	Belgium	sp.a West-Vlaanderen	sp.a West-Vlaanderen	269157793205215	Facebook	8	1	349948	133990	1527	233
w017	Week 17	BE	Belgium	Brecht Warnez	Warnez Brecht Luc T	998887823550443	Facebook	69	1	335457	99083	3811	50
w017	Week 17	BE	Belgium	Kialo		729627343834501	Facebook	109	1	325035	126748	1525	345
w017	Week 17	BE	Belgium	Parti Socialiste (PS)	Parti Socialiste (PS)	518402351504731	Facebook	23	1	319196	104281	2845	283
w017	Week 17	BE	Belgium	CD&V	CD&V	52997544531	Facebook	25	1	318742	85622	1581	106
w017	Week 17	BE	Belgium	Marc Lejeune - 3ème au CDH à la Région	Marc Jean-Marie P Lejeune	1115141181990895	Facebook	43	1	290916	57991	4256	0
w017	Week 17	BE	Belgium	Christian Leysen	Christian Leysen	403864600161608	Facebook	5	1	259767	84905	6986	1398
w017	Week 17	BE	Belgium	DéFI	DéFI	173518112695794	Facebook	23	1	253555	53844	1996	266
w017	Week 17	BE	Belgium	UNHCR Belgium		948453825344452	Facebook	1	1	249999	100000	2499	500
w017	Week 17	BE	Belgium	USR Diaspora	USR Diaspora	1793510380925494	Facebook	2	1	249998	110000	1155	231
w017	Week 17	BE	Belgium	Party of European Socialists	Party of European Socialists	148097975226385	Facebook	12	1	249655	60983	1087	0
w017	Week 17	BE	Belgium	WWF-Belgium	WWF-Belgium	110844205773	Facebook	5	1	229994	114999	1294	199
w017	Week 17	BE	Belgium	European Greens	European Greens	141366725876424	Facebook	2	1	216070	80714	659	244
w017	Week 17	BE	Belgium	MR - Mouvement Réformateur	MR - Mouvement Réformateur	236330169511	Facebook	22	1	167706	36586	1874	328
w017	Week 17	BE	Belgium	Kathleen Van Brempt	Kathleen Van Brempt	206193139504506	Facebook	35	1	160381	32152	2525	159
w017	Week 17	BE	Belgium	Conner Rousseau	Conner Rousseau	942750852588816	Facebook	8	1	128512	31702	1145	183
w017	Week 17	BE	Belgium	Salsa Rica Dance Company		727875134045965	Facebook	2	1	126843	48430	230	46
w017	Week 17	BE	Belgium	Axel Ronse	N-VA	2375576969141695	Facebook	3	1	120710	42142	419	60
w017	Week 17	BE	Belgium	Anja Vanrobaeys	Vanrobaeys Anja Maurits	795798820785493	Facebook	17	1	110362	32293	1511	131
w017	Week 17	BE	Belgium	An Capoen	Nieuw-Vlaamse Alliantie	128105340557056	Facebook	3	1	104996	21000	697	100
w017	Week 17	BE	Belgium	Sander Loones	Nieuw-Vlaamse Alliantie	575160279283539	Facebook	2	1	99997	19999	597	100
w017	Week 17	BE	Belgium	Klang der Solidarität		385076005313967	Facebook	33	1	95668	32200	168	2
w017	Week 17	BE	Belgium	Manu Diericx	Diericx Manu Romain C	311729416012864	Facebook	11	1	95296	34615	356	25
w017	Week 17	BE	Belgium	Parti Populaire - Le Peuple	Parti Populaire - Le Peuple	482811111771571	Facebook	2	1	93003	29711	929	186
w017	Week 17	BE	Belgium	Maggie De Block	Maggie De Block	1410219772556421	Facebook	9	1	92743	26749	721	28
w017	Week 17	BE	Belgium	Hendrik Bogaert	Bogaert Hendrik Frank	277636928983663	Facebook	21	1	85173	19904	1640	0
w017	Week 17	BE	Belgium	Jan Cornillie		980619838787000	Facebook	3	1	84534	35167	390	77
w017	Week 17	BE	Belgium	Europahuis Ryckevelde	Ryckevelde vzw	119449038070827	Facebook	3	1	83462	16692	165	0
w017	Week 17	BE	Belgium	Bart De Wever		24079407056	Facebook	1	1	83333	33333	833	166
w017	Week 17	BE	Belgium	Joris Vandenbroucke	Vandenbroucke Joris Jeroen J	984867054996076	Facebook	5	1	80975	20993	571	59
w017	Week 17	BE	Belgium	CSP Ostbelgien	CSP Ostbelgien	119271231424655	Facebook	9	1	80117	17950	749	0
w017	Week 17	BE	Belgium	Sabine de Bethune		254157758598438	Facebook	4	1	79746	18750	484	37
w017	Week 17	BE	Belgium	Kristof Calvo	Kristof Calvo	345099982367937	Facebook	3	1	78569	17857	212	0
w017	Week 17	BE	Belgium	Willy Segers	Nieuw-Vlaamse Alliantie	172565137927	Facebook	1	1	74999	37500	374	75
w017	Week 17	BE	Belgium	Katrien Houtmeyers	Nieuw-Vlaamse Alliantie	176955806294532	Facebook	1	1	74997	37498	374	74
w017	Week 17	BE	Belgium	Karl Vanlouwe	Nieuw-Vlaamse Alliantie	442565332850618	Facebook	1	1	74996	37498	374	74
w017	Week 17	BE	Belgium	Brecht Vermeulen	Nieuw-Vlaamse Alliantie	167165610745178	Facebook	2	1	68748	13750	136	0
w017	Week 17	BE	Belgium	Marie Arena		109149719130331	Facebook	12	1	68145	17407	234	0
w017	Week 17	BE	Belgium	Thuisverpleging		372390586890911	Facebook	9	1	65733	26213	156	7
w017	Week 17	BE	Belgium	CD&V Limburg	CD&V Limburg	495564387205601	Facebook	3	1	64997	13000	697	120
w017	Week 17	BE	Belgium	Mouvement Nation	Mouvement NATION	1602667783297798	Facebook	3	1	58180	12727	143	0
w017	Week 17	BE	Belgium	Kris Peeters	Kris Peeters	192181027566488	Facebook	4	1	57302	11460	138	0
w017	Week 17	BE	Belgium	Koen Geens	CD&V	294055357407926	Facebook	7	1	56383	28194	558	0
w017	Week 17	BE	Belgium	Jos D'Haese	PVDA	1397002987227704	Facebook	63	1	56104	10074	1824	58
w017	Week 17	BE	Belgium	Sven Gatz	Gatz Sven Peter A	100947845480	Facebook	17	1	55586	15324	1034	0
w017	Week 17	BE	Belgium	Issam Benali	Benali Issam	92011327952	Facebook	4	1	54329	10466	743	100
w017	Week 17	BE	Belgium	Vincent De Wolf	Vincent Gilles De Wolf	399983396831282	Facebook	4	1	54164	10833	448	66
w017	Week 17	BE	Belgium	European Public Health Alliance		163892267038764	Facebook	2	1	53570	10714	334	57
w017	Week 17	BE	Belgium	Alexandra D'Archambeau	D'Archambeau Alexandra Sylvie O	213637018831903	Facebook	4	1	52989	9998	395	0
w017	Week 17	BE	Belgium	Karin Brouwers	Karin Francisca Brouwers	862762280563277	Facebook	2	1	52498	11250	623	125
w017	Week 17	BE	Belgium	Kristien Van Vaerenbergh-pagina	Nieuw-Vlaamse Alliantie	404666830363654	Facebook	2	1	51427	10285	273	42
w017	Week 17	BE	Belgium	SP Ostbelgien	SP Ostbelgien	183856108612877	Facebook	3	1	50860	10542	408	74
w017	Week 17	BE	Belgium	sp.a Limburg	sp.a Limburg	885074558184212	Facebook	8	1	50310	23833	570	0
w017	Week 17	BE	Belgium	ETUC		129041250601685	Facebook	2	1	50009	10007	498	99
w017	Week 17	BE	Belgium	Greenpeace Belgium		73232790238	Facebook	1	1	49999	10000	499	100
w017	Week 17	BE	Belgium	Jean de Bethune		425691141175605	Facebook	1	1	49883	9976	98	0
w017	Week 17	BE	Belgium	Peter Van Rompuy	CD&V	257794051588457	Facebook	8	1	48244	23000	569	0
w017	Week 17	BE	Belgium	Koen Van den Heuvel	Koen Van den Heuvel	1953990651532264	Facebook	3	1	43997	11666	231	0
w017	Week 17	BE	Belgium	Andries Gryffroy	N-VA	277891335706685	Facebook	2	1	43331	11666	165	0
w017	Week 17	BE	Belgium	N-VA Brugge	Nieuw-Vlaamse Alliantie	103746756361685	Facebook	3	1	42498	8500	273	25
w017	Week 17	BE	Belgium	David Bouillon Conseiller Communal Indépendant		292854978277832	Facebook	1	1	39999	8000	399	80
w017	Week 17	BE	Belgium	Steven Kindt	Kindt Steven Karel A	934178266778547	Facebook	2	1	37982	18992	238	28
w017	Week 17	BE	Belgium	Mutualité chrétienne (MC)	Mutualité chrétienne (MC)	180233078762668	Facebook	1	1	37499	7500	374	74
w017	Week 17	BE	Belgium	Philippe Muyters	Nieuw-Vlaamse Alliantie	197625717055207	Facebook	1	1	37499	7500	74	0
w017	Week 17	BE	Belgium	Tilt		169065407139584	Facebook	1	1	37499	18750	374	187
w017	Week 17	BE	Belgium	Elio Di Rupo	Parti Socialiste (PS)	16301530829	Facebook	1	1	37371	7474	73	0
w017	Week 17	BE	Belgium	Chroniques Du Golfe		2196850910357980	Facebook	17	1	36553	14557	54	0
w017	Week 17	BE	Belgium	Danielle Godderis T'Jonck	N-VA	239999043457805	Facebook	2	1	35880	7142	87	0
w017	Week 17	BE	Belgium	Hugues Bayet	Julien Fanuel 	538840262914740	Facebook	3	1	35038	7007	89	0
w017	Week 17	BE	Belgium	Nadia Sminate	Nieuw-Vlaamse Alliantie	223932588102815	Facebook	2	1	33618	6666	360	66
w017	Week 17	BE	Belgium	N-VA Kontich-Waarloos	N-VA Kontich-Waarloos	238162356301946	Facebook	1	1	33333	16666	166	33
w017	Week 17	BE	Belgium	Assita Kanko	Nieuw-Vlaamse Alliantie	150977208365420	Facebook	1	1	33332	6666	332	66
w017	Week 17	BE	Belgium	N-VA Limburg	Nieuw-Vlaamse Alliantie	1599226510296139	Facebook	1	1	33332	6666	332	66
w017	Week 17	BE	Belgium	GoodPlanet Belgium		133865216689469	Facebook	1	1	33332	6666	332	66
w017	Week 17	BE	Belgium	DLV		228707560536007	Facebook	1	1	33308	6661	65	0
w017	Week 17	BE	Belgium	Linda Lauwers -  18de plaats Kamer N-VA	Meeus Yannick	700417286687969	Facebook	26	1	32080	9206	449	0
w017	Week 17	BE	Belgium	Open Vld Schoten		400453376667970	Facebook	1	1	31817	6363	317	63
w017	Week 17	BE	Belgium	Leen Dierick	D'hauwer Pieter	279936192533387	Facebook	1	1	31249	6250	61	0
w017	Week 17	BE	Belgium	Matthias Diependaele	Nieuw-Vlaamse Alliantie	543319679114946	Facebook	2	1	30594	5999	118	0
w017	Week 17	BE	Belgium	Chivas Regal Belgium		116547375171556	Facebook	4	1	30459	5884	205	0
w017	Week 17	BE	Belgium	CD&V Brussel	CD&V Brussel	650865328369779	Facebook	9	1	30088	5905	453	0
w017	Week 17	BE	Belgium	sp.a Gent	sp.a Gent	145214795544742	Facebook	4	1	29702	5941	443	29
w017	Week 17	BE	Belgium	Sophie De Wit	Nieuw-Vlaamse Alliantie	165796101293	Facebook	2	1	29166	5833	191	33
w017	Week 17	BE	Belgium	VMware		6975960973	Facebook	3	1	28609	14304	77	15
w017	Week 17	BE	Belgium	Actief Linkse Studenten & Scholieren Gent	Actief Linkse Studenten & Scholieren Gent	167618996581904	Facebook	2	1	27817	5454	108	0
w017	Week 17	BE	Belgium	N-VA Ronse	Vandekerkhove David	166525380128528	Facebook	1	1	27777	5555	55	0
w017	Week 17	BE	Belgium	Veerle Baeyens		1402339926704301	Facebook	1	1	24999	5000	49	0
w017	Week 17	BE	Belgium	N-VA Roeselare	Nieuw-Vlaamse Alliantie	168411579894593	Facebook	1	1	24999	5000	49	0
w017	Week 17	BE	Belgium	TOWA - Transparency for Organic Wine Association		423471171178460	Facebook	1	1	24999	5000	49	0
w017	Week 17	BE	Belgium	Vlaams Belang West-Vlaanderen		759865230747904	Facebook	1	1	24975	4995	249	49
w017	Week 17	BE	Belgium	Ralph Packet		2009966045768110	Facebook	6	1	24786	8515	175	0
w017	Week 17	BE	Belgium	Kim Alloo	Alloo Kim	2165082146846340	Facebook	4	1	24247	7216	312	28
w017	Week 17	BE	Belgium	Guardian Weekly		64525551258	Facebook	7	1	23961	10393	136	27
w017	Week 17	BE	Belgium	Student.be for Young Graduates		856265914446376	Facebook	1	1	23332	4666	46	0
w017	Week 17	BE	Belgium	Touche Pas A Ma Pote		210583819073654	Facebook	1	1	23332	4666	46	0
w017	Week 17	BE	Belgium	Wouter Beke	Wouter Beke	311935738907850	Facebook	4	1	23329	7166	379	0
w017	Week 17	BE	Belgium	Orry Van de Wauwer		100752223802681	Facebook	2	1	22499	4500	249	40
w017	Week 17	BE	Belgium	Européens Sans Frontières		668031516635463	Facebook	7	1	22275	9308	42	11
w017	Week 17	BE	Belgium	Charles Kaisin		1373021049422742	Facebook	1	1	22221	4444	44	0
w017	Week 17	BE	Belgium	CNCD-11.11.11		118510721519982	Facebook	2	1	22166	4433	39	0
w017	Week 17	BE	Belgium	Lode Ceyssens	Lode Ceyssens	690224427744073	Facebook	1	1	21372	10686	106	21
w017	Week 17	BE	Belgium	Gwendolyn Rutten	Gwendolyn Rutten	149158155084	Facebook	1	1	21052	10526	105	21
w017	Week 17	BE	Belgium	Zuhal Demir	Nieuw-Vlaamse Alliantie	453932394796444	Facebook	2	1	19999	4000	39	0
w017	Week 17	BE	Belgium	Tom Bogman	Tom Bogman	329170017640552	Facebook	3	1	19996	7000	297	0
w017	Week 17	BE	Belgium	Vlaams Belang Kortrijk	Vlaams Belang	1657893191169110	Facebook	10	1	19795	3432	799	0
w017	Week 17	BE	Belgium	4UCAMPUS		259614948900	Facebook	4	1	19609	3922	64	0
w017	Week 17	BE	Belgium	La maison du bambou		363210450932797	Facebook	1	1	19444	3888	194	38
w017	Week 17	BE	Belgium	Elias Kartout	Nieuw-Vlaamse Alliantie	2593268540690171	Facebook	1	1	18749	3750	187	37
w017	Week 17	BE	Belgium	Student.be		198484016852536	Facebook	1	1	18420	3684	36	0
w017	Week 17	BE	Belgium	Catharina Rinzema		2114625695290780	Facebook	1	1	18045	3609	35	0
w017	Week 17	BE	Belgium	Wouter Vermeersch	Vlaams Belang	1819099895078637	Facebook	5	1	17151	5581	268	0
w017	Week 17	BE	Belgium	Simon Lejeune	Lejuene Simon Paul F	1721305591241017	Facebook	4	1	16996	6200	316	0
w017	Week 17	BE	Belgium	Brigitte Grouwels		478482175573284	Facebook	1	1	16666	3333	33	0
w017	Week 17	BE	Belgium	Jong VLD	Jong VLD	274353765974285	Facebook	1	1	16666	3333	33	0
w017	Week 17	BE	Belgium	Kim De Witte	PVDA	315662412174661	Facebook	1	1	16621	3324	165	33
w017	Week 17	BE	Belgium	Sander Vandecapelle	Vandecapelle Sander 	288654088488077	Facebook	4	1	16578	6133	173	12
w017	Week 17	BE	Belgium	Anneleen Van Bossuyt		1375436739430055	Facebook	2	1	16278	3255	32	0
w017	Week 17	BE	Belgium	ROXY ANTWERP		175724632506647	Facebook	5	1	15957	4389	98	0
w017	Week 17	BE	Belgium	Sofian El Sayd - 61e sur la liste régionale du PS bruxellois		1951525111537961	Facebook	1	1	15217	7608	67	13
w017	Week 17	BE	Belgium	Valerie Van Peel	Nieuw-Vlaamse Alliantie	1447842658809820	Facebook	1	1	15217	3043	151	30
w017	Week 17	BE	Belgium	MBRC		1853495178284518	Facebook	1	1	15001	7500	37	7
w017	Week 17	BE	Belgium	Hans Maes		1181238155301995	Facebook	2	1	14998	6000	198	0
w017	Week 17	BE	Belgium	Willem-Frederik Schiltz		607196916040605	Facebook	2	1	14998	6000	198	0
w017	Week 17	BE	Belgium	Elke Sleurs	N-VA	571227032971640	Facebook	1	1	14997	2999	149	29
w017	Week 17	BE	Belgium	BRITA België		500803896616806	Facebook	2	1	14997	6000	197	0
w017	Week 17	BE	Belgium	Cecilia Malmström		258966159416	Facebook	1	1	14955	5982	29	14
w017	Week 17	BE	Belgium	Bea Diallo		379230975548013	Facebook	1	1	12499	2500	24	0
w017	Week 17	BE	Belgium	KissPlanet		581298388990286	Facebook	1	1	12499	2499	24	0
w017	Week 17	BE	Belgium	Franc Bogovic	Bogovic Franc Mathijs J	517272151683918	Facebook	2	1	12498	4750	173	0
w017	Week 17	BE	Belgium	VITO		185864998164157	Facebook	2	1	12383	2476	44	0
w017	Week 17	BE	Belgium	Annick Lambrecht	Lambrecht Annick Jacques M	2229481170658339	Facebook	2	1	11868	4998	148	0
w017	Week 17	BE	Belgium	Vivant   Ostbelgien	Vivant Ostbelgien	1440393739538888	Facebook	1	1	10651	2130	21	0
w017	Week 17	BE	Belgium	Virginie Gonzalez		441282799329243	Facebook	1	1	10416	2083	18	0
w017	Week 17	BE	Belgium	L'affaire climat	Affaire Climat asbl	874181082603060	Facebook	2	1	10311	5062	105	0
w017	Week 17	BE	Belgium	Rita Gantois	N-VA	306815242860827	Facebook	2	1	10298	5000	128	0
w017	Week 17	BE	Belgium	Bart Callaert	Callaert Bart Eduard M	2334802816594579	Facebook	3	1	10218	2043	53	0
w017	Week 17	BE	Belgium	Freya Perdaens	Nieuw-Vlaamse Alliantie	1411253522462277	Facebook	1	1	9999	5000	99	0
w017	Week 17	BE	Belgium	Lorin Parys	Nieuw-Vlaamse Alliantie	699243700236299	Facebook	1	1	9999	5000	99	0
w017	Week 17	BE	Belgium	Paul Cordy	Nieuw-Vlaamse Alliantie	650813488672073	Facebook	1	1	9999	5000	99	0
w017	Week 17	BE	Belgium	An Christiaens	Christiaens An Liliane B	427409014327861	Facebook	1	1	9999	5000	99	0
w017	Week 17	BE	Belgium	International Rescue Committee		73970658023	Facebook	1	1	9999	5000	88	0
w017	Week 17	BE	Belgium	Manuela Van Werde	Nieuw-Vlaamse Alliantie	1450791131808117	Facebook	1	1	9999	4999	99	0
w017	Week 17	BE	Belgium	Jan Seynhaeve	Vandendriessche Vincent Olivier J	1753517451373120	Facebook	2	1	9998	2000	198	0
w017	Week 17	BE	Belgium	Tine Soens	Tine Joselyne Soens	1778402815798036	Facebook	2	1	9998	2000	198	0
w017	Week 17	BE	Belgium	Ecolo Ostbelgien	Ecolo Ostbelgien	321847415140	Facebook	1	1	9883	4942	97	0
w017	Week 17	BE	Belgium	Fight For €14 - NL		296330127745778	Facebook	6	1	9389	1707	101	0
w017	Week 17	BE	Belgium	Òmnium International		2177632682563843	Facebook	41	1	8985	3646	76	10
w017	Week 17	BE	Belgium	Bert Maertens	N-VA	230657213955622	Facebook	2	1	8499	1666	33	0
w017	Week 17	BE	Belgium	Socks For Climate	Van De Velde Arthur V	342842996575193	Facebook	5	1	8415	1999	239	0
w017	Week 17	BE	Belgium	Gwenaëlle Grovonius Députée PS, 2ème à la Région pour Namur	Géraldine Christine C. Georges	852013494856695	Facebook	2	1	8332	2666	132	0
w017	Week 17	BE	Belgium	N-VA Temse	N-VA Temse	157739524296696	Facebook	2	1	8248	3524	101	0
w017	Week 17	BE	Belgium	Beci Brussels		408119956043956	Facebook	6	1	8221	2300	185	0
w017	Week 17	BE	Belgium	Sarah Smeyers	N-VA	95712061024	Facebook	1	1	7999	4000	79	0
w017	Week 17	BE	Belgium	Ben Weyts	Nieuw-Vlaamse Alliantie	133467219125	Facebook	1	1	7499	3750	74	0
w017	Week 17	BE	Belgium	Aaron Ooms		127953044627536	Facebook	1	1	7499	3750	74	0
w017	Week 17	BE	Belgium	Dirk de Kort	De Kort Dirk Elisabeth A	1992757407624580	Facebook	3	1	7462	2689	108	0
w017	Week 17	BE	Belgium	European Young Leaders - EYL40		227054030686626	Facebook	2	1	7371	1474	14	0
w017	Week 17	BE	Belgium	Centre d'Action Laïque		176170955780752	Facebook	2	1	7285	1428	28	0
w017	Week 17	BE	Belgium	Conseil Consultatif de la communauté marocaine à Mons		569315516884797	Facebook	3	1	6771	1304	33	0
w017	Week 17	BE	Belgium	Justine Hollevoet	Justine Liliane Hollevoet 	314364712376727	Facebook	1	1	6666	3333	66	0
w017	Week 17	BE	Belgium	N-VA HeistopdenBerg		821251041256391	Facebook	2	1	6424	1545	19	0
w017	Week 17	BE	Belgium	Emin Ozkara		467415843751253	Facebook	3	1	6388	1319	125	0
w017	Week 17	BE	Belgium	Rachid Azaoum	Rachid Azaoum	1016780215187655	Facebook	1	1	6363	3181	62	0
w017	Week 17	BE	Belgium	TScheldt		682842165445702	Facebook	1	1	6363	3181	63	0
w017	Week 17	BE	Belgium	Sien Vandevelde	Vandevelde Sien Natalie S	1716420288443469	Facebook	5	1	6297	1117	181	0
w017	Week 17	BE	Belgium	Geert Bourgeois	Nieuw-Vlaamse Alliantie	649429725077632	Facebook	1	1	6249	1250	12	0
w017	Week 17	BE	Belgium	Fightfortheclimate	Antoine Valéry J.Baert	433019927455006	Facebook	1	1	6249	1250	12	0
w017	Week 17	BE	Belgium	Johan Vande Lanotte	Johan Vande Lanotte	326674124027240	Facebook	3	1	5961	1026	184	0
w017	Week 17	BE	Belgium	Alexandra Philippe - DéFI	Alexandra Philippe	2134095363490260	Facebook	1	1	5713	2857	56	0
w017	Week 17	BE	Belgium	ProDG	ProDG	89846075866	Facebook	1	1	5713	2857	56	0
w017	Week 17	BE	Belgium	éditions markus haller		74203385744	Facebook	2	1	5282	1056	9	0
w017	Week 17	BE	Belgium	Eneco Belgium		155682534507894	Facebook	12	1	5161	1320	165	0
w017	Week 17	BE	Belgium	Bart Smans, 17e plaats N-VA Vlaams Parlement	N-VA	800585406798122	Facebook	5	1	5106	950	129	0
w017	Week 17	BE	Belgium	Lucien Rigaux - 67e PS à la Région de Bruxelles-Capitale	Lucien Rigaux	697600227298160	Facebook	1	1	4999	1000	88	0
w017	Week 17	BE	Belgium	Bert Wollants	Wollants Bert	122123487813722	Facebook	1	1	4999	1000	99	0
w017	Week 17	BE	Belgium	Groen Vlaams-Brabant	Groen Vlaams-Brabant	60637191219	Facebook	1	1	4999	1000	99	0
w017	Week 17	BE	Belgium	Junge Mitte	Junge Mitte	1567710236826303	Facebook	2	1	4999	999	99	0
w017	Week 17	BE	Belgium	Vautmans Hilde		2415125145187731	Facebook	1	1	4999	999	98	0
w017	Week 17	BE	Belgium	CD&V Zele		902818493070167	Facebook	1	1	4999	2500	49	0
w017	Week 17	BE	Belgium	Ecofusion		611063025664570	Facebook	1	1	4834	966	95	0
w017	Week 17	BE	Belgium	Mjs Flemalle		201905843666746	Facebook	2	1	4498	800	128	0
w017	Week 17	BE	Belgium	Andy Pieters		1896823800416784	Facebook	1	1	4374	875	86	0
w017	Week 17	BE	Belgium	Ahmed Laaouej		672031322849835	Facebook	1	1	4374	2187	43	0
w017	Week 17	BE	Belgium	Mister Genius Liege		143640509489836	Facebook	6	1	4368	837	100	0
w017	Week 17	BE	Belgium	Ecolo Virton	Ecolo	284372185008763	Facebook	1	1	4285	2142	42	0
w017	Week 17	BE	Belgium	Ine Tombeur	Tombeur Ine	120236914663605	Facebook	1	1	4165	833	82	0
w017	Week 17	BE	Belgium	Kenza Yacoubi		193283674572062	Facebook	1	1	4165	833	82	0
w017	Week 17	BE	Belgium	Davidsfonds Hoegaarden		127761998050230	Facebook	1	1	4165	833	82	0
w017	Week 17	BE	Belgium	Sigefroid Van Haelst		426942467817318	Facebook	2	1	4106	821	14	0
w017	Week 17	BE	Belgium	24Bottles		126060760828576	Facebook	12	1	3760	553	153	0
w017	Week 17	BE	Belgium	YEAD		773528052757141	Facebook	1	1	3749	750	74	0
w017	Week 17	BE	Belgium	Dominic Tholen. CD&V Zonhoven	Tholen Dominic Louis P	449347242139552	Facebook	1	1	3743	748	74	0
w017	Week 17	BE	Belgium	Tom De Meester		409051602452966	Facebook	1	1	3681	1840	36	0
w017	Week 17	BE	Belgium	Marleen Kauffmann	Kauffmann Marleen Johanna	282401575604281	Facebook	1	1	3623	1811	35	0
w017	Week 17	BE	Belgium	Yasmine Kherbache	Sp.a Antwerpen	189145821274552	Facebook	2	1	3595	599	118	0
w017	Week 17	BE	Belgium	Mark Demesmaeker MEP		1708090762537736	Facebook	1	1	3571	1785	31	0
w017	Week 17	BE	Belgium	VoteWatch Europe		355087424564148	Facebook	5	1	3502	1581	9	3
w017	Week 17	BE	Belgium	COMPLEXE CAP'TAIN		40093161811	Facebook	1	1	3480	1740	34	0
w017	Week 17	BE	Belgium	Eco Heating		202302506453396	Facebook	3	1	3460	692	68	0
w017	Week 17	BE	Belgium	Sam Voeten	Voeten Sam	529123987163459	Facebook	2	1	3374	625	86	0
w017	Week 17	BE	Belgium	Les Grenades - RTBF	Les Grenades - RTBF	1010298882498268	Facebook	1	1	3333	1666	33	0
w017	Week 17	BE	Belgium	Gauche anticapitaliste		121620311194202	Facebook	1	1	3333	1666	33	0
w017	Week 17	BE	Belgium	Youth For Climate Brussel		369294200565867	Facebook	1	1	3332	666	66	0
w017	Week 17	BE	Belgium	Gaia		182073298490036	Facebook	5	1	3253	1539	29	12
w017	Week 17	BE	Belgium	Jimmy Koppen		2269528713104353	Facebook	1	1	3181	636	63	0
w017	Week 17	BE	Belgium	Burgers tegen terreur		569267593231204	Facebook	1	1	3181	636	56	0
w017	Week 17	BE	Belgium	Touche pas à ma planète		2174582836142717	Facebook	34	1	3174	571	87	2
w017	Week 17	BE	Belgium	De vernieuwers		1830473390578456	Facebook	1	1	3157	1578	31	0
w017	Week 17	BE	Belgium	Kim Aluwé	Aluwé Kim Lilianna M	266386214287406	Facebook	1	1	3122	624	61	0
w017	Week 17	BE	Belgium	Comité international de la Croix-Rouge		540364216018969	Facebook	1	1	3010	1505	1	0
w017	Week 17	BE	Belgium	Groen district Antwerpen	Groen district Antwerpen	498554120412	Facebook	1	1	2999	600	59	0
w017	Week 17	BE	Belgium	The Trevor Project		24470472733	Facebook	1	1	2994	1197	2	0
w017	Week 17	BE	Belgium	Camping Clair Matin		597267320442961	Facebook	2	1	2977	582	12	0
w017	Week 17	BE	Belgium	sp.a Izegem	Justine Liliane Hollevoet 	600655766687497	Facebook	1	1	2916	583	57	0
w017	Week 17	BE	Belgium	Thomas Geuens	Geuens Thomas	1800565136675003	Facebook	2	1	2908	454	108	0
w017	Week 17	BE	Belgium	Maison de la Laïcité Andenne		942548119113599	Facebook	1	1	2856	1428	28	0
w017	Week 17	BE	Belgium	Ecolo J LouvainlaNeuve		1403842909933822	Facebook	1	1	2777	555	55	0
w017	Week 17	BE	Belgium	Open VLD Lommel		141484842646810	Facebook	1	1	2722	544	53	0
w017	Week 17	BE	Belgium	European Centre for Romanian Unity		130970050940986	Facebook	1	1	2719	543	53	0
w017	Week 17	BE	Belgium	Aimen Horch		2251600744900372	Facebook	2	1	2678	535	53	0
w017	Week 17	BE	Belgium	Pfizer Belgique Luxembourg		174580985921902	Facebook	1	1	2592	1296	25	0
w017	Week 17	BE	Belgium	Deborah Nyst art events		1403346269807337	Facebook	1	1	2592	1296	25	0
w017	Week 17	BE	Belgium	Kenneth Flathaug Photography		125745308299292	Facebook	2	1	2548	1274	1	0
w017	Week 17	BE	Belgium	Be.One	Abou Jahjah Dyab	203646696858225	Facebook	1	1	2499	500	49	0
w017	Week 17	BE	Belgium	Candice Vanhecke	Abou Jahjah Dyab	583228032160687	Facebook	1	1	2499	500	49	0
w017	Week 17	BE	Belgium	Caroline De Meerleer		278233629764740	Facebook	1	1	2499	1250	24	0
w017	Week 17	BE	Belgium	HuisvandeMens Halle		130530167077057	Facebook	1	1	2499	1250	24	0
w017	Week 17	BE	Belgium	Mieke Schauvliege		580909235603988	Facebook	1	1	2498	1249	24	0
w017	Week 17	BE	Belgium	PTB Région Bruxelles-Capitale /  PVDA Brussels Hoofdstedelijk Gewest		162499363939852	Facebook	1	1	2399	1199	23	0
w017	Week 17	BE	Belgium	Eda Öztürk	Ozturk Eda	256652841853645	Facebook	4	1	2398	200	158	0
w017	Week 17	BE	Belgium	I Love Crowdfunding Projects		112683756154005	Facebook	4	1	2385	477	21	4
w017	Week 17	BE	Belgium	Groen Edegem		132812442651	Facebook	1	1	2332	466	46	0
w017	Week 17	BE	Belgium	Feel Slovenia		144098725952	Facebook	6	1	2282	687	73	0
w017	Week 17	BE	Belgium	Toon De Bock		416875575718845	Facebook	1	1	2272	454	45	0
w017	Week 17	BE	Belgium	ACOD		436150076422757	Facebook	1	1	2270	454	44	0
w017	Week 17	BE	Belgium	Gregory Lucas		233531184091095	Facebook	1	1	2187	437	43	0
w017	Week 17	BE	Belgium	Ecolo Durbuy		1296272377072952	Facebook	1	1	2187	437	43	0
w017	Week 17	BE	Belgium	Adri & Zoon Yerseke B.V.		104393749685848	Facebook	1	1	2113	422	4	0
w017	Week 17	BE	Belgium	Optimiste pour Bruxelles	Matias Jordi Rasero-Ramirez	570826640096148	Facebook	3	1	2110	422	41	0
w017	Week 17	BE	Belgium	Caritas International.be		318423514835874	Facebook	2	1	2099	350	69	0
w017	Week 17	BE	Belgium	BePax		229203850426658	Facebook	1	1	2058	1029	20	0
w017	Week 17	BE	Belgium	Jong N-VA Regio Waregem	De Waele Glen	242316996585154	Facebook	1	1	1999	400	39	0
w017	Week 17	BE	Belgium	Petra De Sutter		372776579930604	Facebook	1	1	1999	399	39	0
w017	Week 17	BE	Belgium	ACOD Limburg		880006905441714	Facebook	1	1	1994	398	39	0
w017	Week 17	BE	Belgium	Rupture & Renouveau		352667488928885	Facebook	1	1	1874	374	37	0
w017	Week 17	BE	Belgium	Georges Balon Perin, Erasmus kandidaat bij GROEN		820663108311661	Facebook	1	1	1818	909	18	0
w017	Week 17	BE	Belgium	Inventio		1505754236345896	Facebook	1	1	1818	909	18	0
w017	Week 17	BE	Belgium	Pascal Masarotti		427056964497572	Facebook	1	1	1817	363	36	0
w017	Week 17	BE	Belgium	Cafécitoyen		194927071110390	Facebook	1	1	1817	363	36	0
w017	Week 17	BE	Belgium	Eclairelavie		475156612973063	Facebook	2	1	1712	342	16	2
w017	Week 17	BE	Belgium	Johan Van Overtveldt		275607285891320	Facebook	1	1	1666	833	16	0
w017	Week 17	BE	Belgium	Alexander Binon	N-VA Oud-Heverlee	573104879470554	Facebook	1	1	1666	333	33	0
w017	Week 17	BE	Belgium	VIER VOETERS		110540418715	Facebook	9	1	1647	552	27	0
w017	Week 17	BE	Belgium	Avast Software		595506460492014	Facebook	1	1	1550	775	13	0
w017	Week 17	BE	Belgium	Ebem		310353242487385	Facebook	2	1	1542	617	20	0
w017	Week 17	BE	Belgium	Berlin International University of Applied Sciences		753347444715991	Facebook	1	1	1518	759	7	1
w017	Week 17	BE	Belgium	Sufferosa		298654263583	Facebook	2	1	1483	579	1	0
w017	Week 17	BE	Belgium	Jan De Volder		250105722223585	Facebook	1	1	1470	294	29	0
w017	Week 17	BE	Belgium	Unis pour les Droits Humains		1642871805813802	Facebook	2	1	1468	645	15	0
w017	Week 17	BE	Belgium	Groen Tienen	Groen Tienen	172627916131316	Facebook	1	1	1428	714	14	0
w017	Week 17	BE	Belgium	Centre d'Études du Développement Durable de l'IGEAT-ULB CEDD		1482350395366976	Facebook	1	1	1428	714	8	1
w017	Week 17	BE	Belgium	Solvay Digital Society		384469715258601	Facebook	1	1	1363	272	27	0
w017	Week 17	BE	Belgium	Basmah		137973986840264	Facebook	20	1	1362	289	11	0
w017	Week 17	BE	Belgium	Fjällräven Belgium		405574896861332	Facebook	2	1	1332	0	152	0
w017	Week 17	BE	Belgium	Burgerplatform.Gent		1952743984797308	Facebook	2	1	1285	190	51	0
w017	Week 17	BE	Belgium	Campus protestant		2019076568379648	Facebook	1	1	1282	256	12	2
w017	Week 17	BE	Belgium	Cieltje Van Achter-pagina	Nieuw-Vlaamse Alliantie	187309815219219	Facebook	1	1	1249	250	24	0
w017	Week 17	BE	Belgium	Miranda Van Eetvelde	Van Eetvelde Miranda Paula A	123242867697182	Facebook	1	1	1249	249	24	0
w017	Week 17	BE	Belgium	Adeline Blancquaert		756809214718304	Facebook	1	1	1249	249	24	0
w017	Week 17	BE	Belgium	Sweco Belgium		370829863001865	Facebook	1	1	1206	241	23	0
w017	Week 17	BE	Belgium	FT Content Solutions		1220981994590364	Facebook	5	1	1195	286	4	0
w017	Week 17	BE	Belgium	Groen Herent		117902231630072	Facebook	1	1	1153	230	22	0
w017	Week 17	BE	Belgium	ABVVTrigion		736375463154904	Facebook	2	1	1098	0	108	0
w017	Week 17	BE	Belgium	André YINDA YINDA - Turquoise		355973298354745	Facebook	3	1	1089	0	108	0
w017	Week 17	BE	Belgium	Les Députés les Lobbys et les Truands		411935312720641	Facebook	1	1	1083	542	10	0
w017	Week 17	BE	Belgium	Jan Van Camp	Van Camp Jan Emiel G	240346493197462	Facebook	1	1	1057	211	20	0
w017	Week 17	BE	Belgium	Amnesty International Nederland	Amnesty International Nederland	57729029960	Facebook	1	1	1014	202	10	2
w017	Week 17	BE	Belgium	Soirées Blanchart		922175807819369	Facebook	1	1	999	0	99	0
w017	Week 17	BE	Belgium	Annick Laloux-Ruelle		630009867450719	Facebook	1	1	999	0	99	0
w017	Week 17	BE	Belgium	Plus d'avenir, de vie et de coeur pour tous à Rixensart		214280459287791	Facebook	1	1	999	0	99	0
w017	Week 17	BE	Belgium	De Beleefhoek - Koffie & Klets vzw		958236627700857	Facebook	1	1	999	0	99	0
w017	Week 17	BE	Belgium	Beedrop		908965252460295	Facebook	1	1	999	0	99	0
w017	Week 17	BE	Belgium	desiRED - Digital Strategy Agency	desiRED Digital Strategy Agency	1712512312399812	Facebook	1	1	999	499	9	0
w017	Week 17	BE	Belgium	Groen Antwerpen	Groen Antwerpen	189169954496226	Facebook	3	1	978	117	50	0
w017	Week 17	BE	Belgium	N-VA Hooglede Gits		536655126395508	Facebook	2	1	965	0	95	0
w017	Week 17	BE	Belgium	Steenrock		960413374053338	Facebook	1	1	950	475	9	0
w017	Week 17	BE	Belgium	Installatie360		833101103502238	Facebook	1	1	937	468	9	0
w017	Week 17	BE	Belgium	Deutschland.de		31292782350	Facebook	10	1	928	185	17	0
w017	Week 17	BE	Belgium	Anani Sossou Officiel		1839264332826510	Facebook	1	1	909	454	9	0
w017	Week 17	BE	Belgium	Grootouders voor het Klimaat Be		2070094243041414	Facebook	1	1	908	181	18	0
w017	Week 17	BE	Belgium	Familles du Monde asbl		768490986530666	Facebook	2	1	908	181	18	0
w017	Week 17	BE	Belgium	Guido Vaganee		391476725004619	Facebook	1	1	895	179	15	0
w017	Week 17	BE	Belgium	Je Fais Ce que Je dis  et C'est ce qui fera la différence .		893798967476733	Facebook	2	1	891	90	52	0
w017	Week 17	BE	Belgium	Polis		953676661312241	Facebook	3	1	877	0	86	0
w017	Week 17	BE	Belgium	La Montre Traceur GPS		2351537601739254	Facebook	3	1	866	335	11	0
w017	Week 17	BE	Belgium	Foodpowerr		625107021262384	Facebook	1	1	858	171	7	1
w017	Week 17	BE	Belgium	Comité de soutien "Lionel Pistone"  - élections 2019		2652972174718380	Facebook	1	1	833	166	14	0
w017	Week 17	BE	Belgium	Charis Kamoen		207387513240677	Facebook	1	1	832	0	82	0
w017	Week 17	BE	Belgium	Best Tech Crowdfunding Videos		615071652029076	Facebook	15	1	766	3	66	0
w017	Week 17	BE	Belgium	Weekplanner - Structuur en planning oplossingen voor schoolgaande kinderen		336729963116870	Facebook	1	1	765	153	1	0
w017	Week 17	BE	Belgium	Luc Schepens		285177255756453	Facebook	1	1	749	0	74	0
w017	Week 17	BE	Belgium	Motoren en Toerisme		120152299602	Facebook	1	1	749	0	74	0
w017	Week 17	BE	Belgium	Georges-Louis Bouchez		341174129258800	Facebook	1	1	729	145	14	0
w017	Week 17	BE	Belgium	Els Verté	Verté Elsje Martine	421879891957030	Facebook	1	1	699	0	69	0
w017	Week 17	BE	Belgium	Merak nv		1039415686119643	Facebook	1	1	666	0	66	0
w017	Week 17	BE	Belgium	Centre bruxellois d'action interculturelle (CBAI)		192636267445552	Facebook	1	1	666	133	13	0
w017	Week 17	BE	Belgium	Asbl-FREEDOM		225181031503153	Facebook	1	1	635	0	63	0
w017	Week 17	BE	Belgium	PSAnderlues		197214344323855	Facebook	1	1	635	0	63	0
w017	Week 17	BE	Belgium	CD&V Erpe-Mere	Van Vaerenbergh Johan August G	287188131471344	Facebook	1	1	624	125	12	0
w017	Week 17	BE	Belgium	Yoleen Van Camp		533686686730041	Facebook	1	1	624	125	12	0
w017	Week 17	BE	Belgium	Vossaert Michaël		237845390282626	Facebook	1	1	624	125	12	0
w017	Week 17	BE	Belgium	Boutique Pride		299458774182573	Facebook	1	1	617	123	6	1
w017	Week 17	BE	Belgium	Tunis Forum on Gender Equality		362993680952642	Facebook	1	1	590	295	0	0
w017	Week 17	BE	Belgium	Immigration Spot		210839979532061	Facebook	4	1	583	176	7	0
w017	Week 17	BE	Belgium	Alexandre Del Valle		210163002528350	Facebook	1	1	561	112	11	0
w017	Week 17	BE	Belgium	Knack		77629766074	Facebook	1	1	554	0	54	0
w017	Week 17	BE	Belgium	Banque mondiale		155174084508744	Facebook	28	1	523	137	3	0
w017	Week 17	BE	Belgium	Climate News Hub	EU News	1640153586244243	Facebook	1	1	499	0	49	0
w017	Week 17	BE	Belgium	Media Association of South-East Europe		102170563971504	Facebook	1	1	499	0	44	0
w017	Week 17	BE	Belgium	Miapetra Kumpula-Natri	Euroopassa Suomen tähden  / Miapetra Kumpula-Natri	922311201130062	Facebook	1	1	476	95	4	0
w017	Week 17	BE	Belgium	Wouter Liekens		1136815719832895	Facebook	1	1	466	0	46	0
w017	Week 17	BE	Belgium	Zeger Debyser-pagina	Debyser Zeger Marie J	202937930480361	Facebook	1	1	454	90	9	0
w017	Week 17	BE	Belgium	MR - Mouvement Réformateur Ecaussinnes		963591637024421	Facebook	1	1	454	0	45	0
w017	Week 17	BE	Belgium	Steve & Els - campagne 2019		261941004685486	Facebook	1	1	454	90	9	0
w017	Week 17	BE	Belgium	The Good Lobby		1420129598280317	Facebook	3	1	447	133	2	0
w017	Week 17	BE	Belgium	Climate-KIC		403370709744295	Facebook	1	1	433	216	1	0
w017	Week 17	BE	Belgium	Gauche Patriote		2229821657074386	Facebook	1	1	428	0	42	0
w017	Week 17	BE	Belgium	The Sunset		185673788911478	Facebook	1	1	388	0	38	0
w017	Week 17	BE	Belgium	Steff Nouws		175452716389521	Facebook	1	1	384	76	7	0
w017	Week 17	BE	Belgium	Volt België		1620310611353628	Facebook	1	1	374	0	37	0
w017	Week 17	BE	Belgium	Anita Pannebakker D66		581269312322294	Facebook	1	1	363	0	36	0
w017	Week 17	BE	Belgium	Ik ben PRO		305618513615029	Facebook	1	1	363	0	36	0
w017	Week 17	BE	Belgium	sp.a Torhout		633104893482476	Facebook	1	1	363	0	36	0
w017	Week 17	BE	Belgium	P&V Assurances Verzekeringen		181449658864466	Facebook	2	1	325	0	32	0
w017	Week 17	BE	Belgium	North Sails_Collection		210406252903120	Facebook	2	1	325	0	32	0
w017	Week 17	BE	Belgium	Lionel Bajart		416342682225563	Facebook	1	1	317	0	31	0
w017	Week 17	BE	Belgium	Gérald vanderlin	Gerald Vanderlin	2225854367682548	Facebook	1	1	311	62	6	0
w017	Week 17	BE	Belgium	Regards protestants		454207341304040	Facebook	2	1	299	53	8	0
w017	Week 17	BE	Belgium	PajoPower		110375035653012	Facebook	1	1	279	0	27	0
w017	Week 17	BE	Belgium	Mehmet Perinçek		1486871034897015	Facebook	3	1	275	0	27	0
w017	Week 17	BE	Belgium	Jean-Luc Papy		1719608998322344	Facebook	1	1	272	0	27	0
w017	Week 17	BE	Belgium	N-VA Geetbets		123174224447926	Facebook	1	1	268	0	26	0
w017	Week 17	BE	Belgium	Gbevile- Enfants De La Vie Asbl		755659637920123	Facebook	1	1	266	0	23	0
w017	Week 17	BE	Belgium	Halewijn		1463481320547064	Facebook	1	1	255	0	25	0
w017	Week 17	BE	Belgium	Simon De Boeck - 1e schepen Gooik	De Boeck Simon	781750292026149	Facebook	1	1	249	0	24	0
w017	Week 17	BE	Belgium	Ecolo Braine Le Comte	Ecolo Braine-le-Comte	775758055853342	Facebook	1	1	248	0	24	0
w017	Week 17	BE	Belgium	Tuunes		992176580926495	Facebook	4	1	248	101	0	0
w017	Week 17	BE	Belgium	La Libelle		766130173557711	Facebook	1	1	233	0	23	0
w017	Week 17	BE	Belgium	Ambassador of Islam		2121543634600149	Facebook	1	1	232	46	0	0
w017	Week 17	BE	Belgium	Intersolar		124579277563150	Facebook	1	1	232	116	0	0
w017	Week 17	BE	Belgium	NewsMavens		145218379355757	Facebook	1	1	228	114	0	0
w017	Week 17	BE	Belgium	Le Hors Humain		196064127074013	Facebook	1	1	215	43	4	0
w017	Week 17	BE	Belgium	Exponea		437489159794764	Facebook	11	1	212	3	19	0
w017	Week 17	BE	Belgium	Daniel Freund	Bündnis 90 / Die Grünen Kreisverband Aachen	566872987051379	Facebook	5	1	209	84	2	0
w017	Week 17	BE	Belgium	A Solution to Plastic Pollution - First International Online Summit		1098001547034272	Facebook	3	1	206	41	0	0
w017	Week 17	BE	Belgium	Antton Rönnholm	Rekilä Piia Annikki	575908612596562	Facebook	1	1	204	0	20	0
w017	Week 17	BE	Belgium	Current Trends		1626571577598221	Facebook	3	1	200	0	17	0
w017	Week 17	BE	Belgium	Incozina - sociaal verzekeringsfonds en ondernemingsloket		1953552758308573	Facebook	1	1	199	0	19	0
w017	Week 17	BE	Belgium	URCancillería		244098312307848	Facebook	3	1	197	23	1	0
w017	Week 17	BE	Belgium	Ceramica.info		1677623205672969	Facebook	2	1	195	23	9	0
w017	Week 17	BE	Belgium	Coup de pouce pour la planète - Un guide vers une nouvelle vision du monde		363925880862431	Facebook	1	1	185	37	2	0
w017	Week 17	BE	Belgium	The Handbag Spa		112991265381435	Facebook	1	1	183	36	4	0
w017	Week 17	BE	Belgium	Peter Van Kemseke	Van Kemseke Peter Leo S	397455370285369	Facebook	1	1	181	0	18	0
w017	Week 17	BE	Belgium	Christophe Calis		2396791870539800	Facebook	1	1	181	0	17	0
w017	Week 17	BE	Belgium	Groen Beernem		124704394259491	Facebook	1	1	181	0	18	0
w017	Week 17	BE	Belgium	Voices for Refugees - أصوات لأجل اللاجئين		1601274913421469	Facebook	13	1	172	53	1	0
w017	Week 17	BE	Belgium	World Bank		153371894688575	Facebook	6	1	172	85	0	0
w017	Week 17	BE	Belgium	GRIP - Kom op voor inclusie		1024656630910224	Facebook	1	1	166	0	16	0
w017	Week 17	BE	Belgium	Birgit Sippel		319398621464329	Facebook	1	1	162	32	3	0
w017	Week 17	BE	Belgium	Students for Climate Maastricht		287999245216481	Facebook	1	1	157	78	1	0
w017	Week 17	BE	Belgium	Move To Canada Today		234584003764052	Facebook	1	1	150	0	3	0
w017	Week 17	BE	Belgium	Chug Bottles		1781974005205686	Facebook	1	1	146	73	0	0
w017	Week 17	BE	Belgium	ONE		11055104471	Facebook	1	1	126	25	0	0
w017	Week 17	BE	Belgium	Sébastien Doutreloup	Sébastien Camille C.Doutreloup	2605782112772045	Facebook	1	1	124	0	12	0
w017	Week 17	BE	Belgium	Aardgas - Le gaz naturel		229643553745788	Facebook	1	1	124	0	12	0
w017	Week 17	BE	Belgium	AEPAS		717155672011495	Facebook	1	1	124	0	12	0
w017	Week 17	BE	Belgium	Alberto Alemanno		179635265973968	Facebook	1	1	119	23	0	0
w017	Week 17	BE	Belgium	Socialter		121693529673	Facebook	2	1	107	21	1	0
w017	Week 17	BE	Belgium	Tipu Denis- Marian		512167018972166	Facebook	1	1	105	52	0	0
w017	Week 17	BE	Belgium	مفوضية اللاجئين		188842724507690	Facebook	12	1	98	36	1	0
w017	Week 17	BE	Belgium	AlternaWeb		1928282787425397	Facebook	2	1	94	11	4	0
w017	Week 17	BE	Belgium	ISNAT asbl		1758988670981113	Facebook	1	1	90	0	9	0
w017	Week 17	BE	Belgium	Afghanistan, hulp nodig om een schooltje te bouwen.		995671367259188	Facebook	1	1	90	0	9	0
w017	Week 17	BE	Belgium	Piraten Bezierk Osten		141480992729926	Facebook	1	1	88	17	0	0
w017	Week 17	BE	Belgium	Dr. Mohamed Elhachmi Hamdi د. محمد الهاشمي الحامدي		482273315273345	Facebook	2	1	88	34	0	0
w017	Week 17	BE	Belgium	Stanford Graduate School of Business		208357009185713	Facebook	4	1	83	16	0	0
w017	Week 17	BE	Belgium	EIT InnoEnergy		344038838945608	Facebook	6	1	76	26	0	0
w017	Week 17	BE	Belgium	TRT World		1559901027613381	Facebook	1	1	75	37	0	0
w017	Week 17	BE	Belgium	S&P Global		112495188784373	Facebook	7	1	74	15	0	0
w017	Week 17	BE	Belgium	My H20n		409665236257906	Facebook	8	1	68	0	6	0
w017	Week 17	BE	Belgium	Les amis du Petit Oranger		465797716822921	Facebook	1	1	66	0	6	0
w017	Week 17	BE	Belgium	Börsenverein des Deutschen Buchhandels		254984777203	Facebook	1	1	64	12	1	0
w017	Week 17	BE	Belgium	Fast Visa		324980794221392	Facebook	1	1	64	32	0	0
w017	Week 17	BE	Belgium	Chris's Goods		2746149608745019	Facebook	1	1	63	12	1	0
w017	Week 17	BE	Belgium	YOGA BURN		146316959083110	Facebook	3	1	63	12	0	0
w017	Week 17	BE	Belgium	Construction Climate Challenge		1421675261420283	Facebook	3	1	61	12	0	0
w017	Week 17	BE	Belgium	Lime Shop Online		790946694613780	Facebook	10	1	58	9	1	0
w017	Week 17	BE	Belgium	SV4IE		2246467545588430	Facebook	1	1	55	27	0	0
w017	Week 17	BE	Belgium	World Transformation Movement		372125409639	Facebook	2	1	54	10	0	0
w017	Week 17	BE	Belgium	THE FIFTH COLLECTION		524624564286273	Facebook	1	1	53	10	0	0
w017	Week 17	BE	Belgium	Soviet Visuals		1160495674016675	Facebook	4	1	53	8	1	0
w017	Week 17	BE	Belgium	Veritium		278192613003339	Facebook	2	1	49	9	0	0
w017	Week 17	BE	Belgium	Ticalm.com		956222737885591	Facebook	1	1	45	9	0	0
w017	Week 17	BE	Belgium	Karoline Edtstadler	Salzburger Volkspartei	1580540041983231	Facebook	6	1	39	7	0	0
w017	Week 17	BE	Belgium	Ośrodek Monitorowania Zachowań Rasistowskich i Ksenofobicznych		137358556439286	Facebook	1	1	39	7	0	0
w017	Week 17	BE	Belgium	RSM MBA		110428762358678	Facebook	3	1	39	18	0	0
w017	Week 17	BE	Belgium	UNICEF Europe & Central Asia		373536278864	Facebook	1	1	38	15	0	0
w017	Week 17	BE	Belgium	Jimmy Bastings	Bastings Jimmy Anna Hubertus	2262432790696805	Facebook	2	1	32	5	1	0
w017	Week 17	BE	Belgium	EURACTIV		15299247059	Facebook	1	1	32	6	0	0
w017	Week 17	BE	Belgium	Wildlife Angel		1626338680929107	Facebook	1	1	31	0	3	0
w017	Week 17	BE	Belgium	BenzoFrame		1781685938801295	Facebook	1	1	30	6	0	0
w017	Week 17	BE	Belgium	Tilburg University		157338687652903	Facebook	1	1	30	15	0	0
w017	Week 17	BE	Belgium	YOU.and.EU	Simbartlova Anna	250361215678222	Facebook	1	1	29	5	0	0
w017	Week 17	BE	Belgium	Last Stop Brexit		820489154977103	Facebook	1	1	29	5	0	0
w017	Week 17	BE	Belgium	Jenk Oz		1368130286591310	Facebook	1	1	29	14	0	0
w017	Week 17	BE	Belgium	THTC - The Hemp Trading Company		30239959348	Facebook	4	1	27	10	0	0
w017	Week 17	BE	Belgium	Watt the Fish - le film		2026501054111756	Facebook	1	1	24	4	0	0
w017	Week 17	BE	Belgium	Ujhelyi István dr.	MSZP	734217673259088	Facebook	3	1	24	12	0	0
w017	Week 17	BE	Belgium	Talyna		298393134337227	Facebook	1	1	24	4	0	0
w017	Week 17	BE	Belgium	EQUA		150066411717094	Facebook	1	1	24	4	0	0
w017	Week 17	BE	Belgium	KuSakurashop		747190381996649	Facebook	2	1	23	0	0	0
w017	Week 17	BE	Belgium	DP - Demokratesch Partei	DP - Demokratesch Partei	280875378609326	Facebook	1	1	19	9	0	0
w017	Week 17	BE	Belgium	Official: Uppsala Reggae Festival		754081171435181	Facebook	1	1	19	3	0	0
w017	Week 17	BE	Belgium	Lettuce Networks		323302384460728	Facebook	1	1	17	0	1	0
w017	Week 17	BE	Belgium	My Pride Wear		1084277381757746	Facebook	1	1	15	0	1	0
w017	Week 17	BE	Belgium	YELOPINKO		410164636218216	Facebook	1	1	13	0	1	0
w017	Week 17	BE	Belgium	Liberal Democrats	the Liberal Democrats	5883973269	Facebook	9	1	11	2	0	0
w017	Week 17	BE	Belgium	Youmooda		1020043128061938	Facebook	1	1	11	2	0	0
w017	Week 17	BE	Belgium	IG BCE Jugend Nordrhein	IG BCE Landesbezirk Nordrhein	124363604315424	Facebook	3	1	10	5	0	0
w017	Week 17	BE	Belgium	Bestforyou6		2234509846791274	Facebook	1	1	10	0	0	0
w017	Week 17	BE	Belgium	Greek Energy Forum		225604584315066	Facebook	2	1	10	2	0	0
w017	Week 17	BE	Belgium	Cornel Radu Loghin	RADU-LOGHIN CORNEL	429437337859107	Facebook	1	1	9	1	0	0
w017	Week 17	BE	Belgium	Eldritch Foundry		333726374024339	Facebook	1	1	8	1	0	0
w017	Week 17	BE	Belgium	Ocean Witness		1260352987396236	Facebook	1	1	8	1	0	0
w017	Week 17	BE	Belgium	Andreas Schieder	SPÖ	290881691011354	Facebook	2	1	7	1	0	0
w017	Week 17	BE	Belgium	Mon Homéo Mon Choix		1643185362449069	Facebook	5	1	7	3	0	0
w017	Week 17	BE	Belgium	Intimina		127412964006704	Facebook	2	1	7	1	0	0
w017	Week 17	BE	Belgium	Collectif : Féministes contre le cyberharcèlement		1026099724099181	Facebook	5	1	6	2	0	0
w017	Week 17	BE	Belgium	Open Society Foundations		18983389920	Facebook	3	1	6	1	0	0
w017	Week 17	BE	Belgium	Bio-S-TEAM		511720019019891	Facebook	1	1	6	1	0	0
w017	Week 17	BE	Belgium	Gentle Dental Clinic Crete		387716078000099	Facebook	2	1	6	0	0	0
w017	Week 17	BE	Belgium	pro aurum Kilchberg ZH		258246284700914	Facebook	3	1	5	1	0	0
w017	Week 17	BE	Belgium	Gift & Love		415157892375529	Facebook	1	1	4	0	0	0
w017	Week 17	BE	Belgium	Parkstad Limburg Theaters		227796293909351	Facebook	1	1	4	0	0	0
w017	Week 17	BE	Belgium	EUROPE DIRECT Aachen		106835062686986	Facebook	1	1	4	0	0	0
w017	Week 17	BE	Belgium	Alpine Garden Society		239451772739772	Facebook	1	1	3	1	0	0
w017	Week 17	BE	Belgium	Médecins Sans Frontières		154912951193067	Facebook	2	1	3	0	0	0
w017	Week 17	BE	Belgium	UNICEF France		173159234432	Facebook	7	1	3	1	0	0
w017	Week 17	BE	Belgium	Oxfam Novib		115289021825188	Facebook	4	1	2	1	0	0
w017	Week 17	BE	Belgium	Trang Banana		575840966122462	Facebook	1	1	2	0	0	0
w017	Week 17	BE	Belgium	Ivan Štefunko • Progresívne Slovensko		1664533523674012	Facebook	1	1	2	0	0	0
w017	Week 17	BE	Belgium	Vicenza Pride		208758469330868	Facebook	1	1	2	0	0	0
w017	Week 17	BE	Belgium	Schwarzkopf Professional		150101695010185	Facebook	1	1	2	1	0	0
w017	Week 17	BE	Belgium	Progresívne Slovensko	Progresívne Slovensko	557862947737785	Facebook	1	1	1	0	0	0
w017	Week 17	BE	Belgium	PNL Diaspora		215610252346661	Facebook	1	1	1	0	0	0
w017	Week 17	BE	Belgium	Seven Clean Seas		425855964577344	Facebook	1	1	1	0	0	0
w017	Week 17	BE	Belgium	Newired		267979246961885	Facebook	1	1	1	0	0	0
w017	Week 17	BE	Belgium	Femtec		190723057632643	Facebook	1	1	1	0	0	0
w017	Week 17	BE	Belgium	Greyhound cafe		68799690218	Facebook	2	1	1	0	0	0
w017	Week 17	BE	Belgium	APMS Engineering		268331613219255	Facebook	1	1	1	0	0	0
w017	Week 17	BE	Belgium	Biznesa Vadības Koledža		411194435558787	Facebook	1	1	1	0	0	0
w017	Week 17	BE	Belgium	ITC's Market Analysis Tools		307619925937720	Facebook	1	1	1	0	0	0
w017	Week 17	BE	Belgium	ExploitsMotivation		639724966206723	Facebook	1	1	1	0	0	0
w017	Week 17	BE	Belgium	CCFD-Terre Solidaire		112547358788607	Facebook	1	1	0	0	0	0
w017	Week 17	BE	Belgium	Shurat HaDin - Israel Law Center		709491732434343	Facebook	1	1	0	0	0	0
w017	Week 17	BE	Belgium	Stephen Webster		237837336581	Facebook	1	1	0	0	0	0
w017	Week 17	BE	Belgium	Dansk.nl		39128216655	Facebook	2	1	0	0	0	0
w017	Week 17	BE	Belgium	SHS International Consulting		405410626956160	Facebook	1	1	0	0	0	0
w017	Week 17	BE	Belgium	Christof Catlin		694707690602444	Facebook	1	1	0	0	0	0
w017	Week 17	BE	Belgium	Schlachthof Wiesbaden		128431033877314	Facebook	1	1	0	0	0	0
w017	Week 17	BE	Belgium	Stichting Vluchteling		120034538112114	Facebook	1	1	0	0	0	0
w017	Week 17	BE	Belgium	African Union USA		507866149701811	Facebook	1	1	0	0	0	0
w017	Week 17	BE	Belgium	TaxEduportal		828411763950694	Facebook	1	1	0	0	0	0
w017	Week 17	BE	Belgium	350.org		12185972707	Facebook	1	1	0	0	0	0
w017	Week 17	BE	Belgium	Burelbach Immobilien		243135569564978	Facebook	1	1	0	0	0	0
w017	Week 17	BE	Belgium	Mon épargne et moi		201716123952571	Facebook	1	1	0	0	0	0
w017	Week 17	BE	Belgium	The Charity for Civil Servants		216978845071240	Facebook	2	1	0	0	0	0
w017	Week 17	BE	Belgium	Vandebron		263935850440177	Facebook	1	1	0	0	0	0
w017	Week 17	BE	Belgium	Alfa Laval		171132542929029	Facebook	2	1	0	0	0	0
